{
  "f8e6b000-5643-4b86-9080-aa680ce1f599": {
    "asset": 1536824285516,
    "meta": 1533610990000,
    "relativePath": "image"
  },
  "71561142-4c83-4933-afca-cb7a17f67053": {
    "asset": 1533610990000,
    "meta": 1536824458638,
    "relativePath": "image\\default_btn_disabled.png"
  },
  "e851e89b-faa2-4484-bea6-5c01dd9f06e2": {
    "asset": 1533610990000,
    "meta": 1536824458645,
    "relativePath": "image\\default_btn_normal.png"
  },
  "b43ff3c2-02bb-4874-81f7-f2dea6970f18": {
    "asset": 1533610990000,
    "meta": 1536824458670,
    "relativePath": "image\\default_btn_pressed.png"
  },
  "d81ec8ad-247c-4e62-aa3c-d35c4193c7af": {
    "asset": 1533610990000,
    "meta": 1536824458678,
    "relativePath": "image\\default_panel.png"
  },
  "99170b0b-d210-46f1-b213-7d9e3f23098a": {
    "asset": 1533610990000,
    "meta": 1536824458695,
    "relativePath": "image\\default_progressbar_bg.png"
  },
  "cfef78f1-c8df-49b7-8ed0-4c953ace2621": {
    "asset": 1533610990000,
    "meta": 1536824458702,
    "relativePath": "image\\default_progressbar.png"
  },
  "567dcd80-8bf4-4535-8a5a-313f1caf078a": {
    "asset": 1533610990000,
    "meta": 1536824458721,
    "relativePath": "image\\default_radio_button_off.png"
  },
  "9d60001f-b5f4-4726-a629-2659e3ded0b8": {
    "asset": 1533610990000,
    "meta": 1536824458727,
    "relativePath": "image\\default_radio_button_on.png"
  },
  "4bab67cb-18e6-4099-b840-355f0473f890": {
    "asset": 1533610990000,
    "meta": 1536824458744,
    "relativePath": "image\\default_scrollbar_bg.png"
  },
  "617323dd-11f4-4dd3-8eec-0caf6b3b45b9": {
    "asset": 1533610990000,
    "meta": 1536824458750,
    "relativePath": "image\\default_scrollbar_vertical_bg.png"
  },
  "d6d3ca85-4681-47c1-b5dd-d036a9d39ea2": {
    "asset": 1533610990000,
    "meta": 1536824458767,
    "relativePath": "image\\default_scrollbar_vertical.png"
  },
  "0291c134-b3da-4098-b7b5-e397edbe947f": {
    "asset": 1533610990000,
    "meta": 1536824458775,
    "relativePath": "image\\default_scrollbar.png"
  },
  "0275e94c-56a7-410f-bd1a-fc7483f7d14a": {
    "asset": 1533610990000,
    "meta": 1536824458796,
    "relativePath": "image\\default_sprite_splash.png"
  },
  "6e056173-d285-473c-b206-40a7fff5386e": {
    "asset": 1533610990000,
    "meta": 1536824458803,
    "relativePath": "image\\default_sprite.png"
  },
  "73a0903d-d80e-4e3c-aa67-f999543c08f5": {
    "asset": 1533610990000,
    "meta": 1536824458820,
    "relativePath": "image\\default_toggle_checkmark.png"
  },
  "c25b9d50-c8fc-4d27-beeb-6e7c1f2e5c0f": {
    "asset": 1533610990000,
    "meta": 1536824458826,
    "relativePath": "image\\default_toggle_disabled.png"
  },
  "d29077ba-1627-4a72-9579-7b56a235340c": {
    "asset": 1533610990000,
    "meta": 1536824458845,
    "relativePath": "image\\default_toggle_normal.png"
  },
  "fc09f9bd-2cce-4605-b630-8145ef809ed6": {
    "asset": 1536824285547,
    "meta": 1533610990000,
    "relativePath": "misc"
  },
  "2be36297-9abb-4fee-8049-9ed5e271da8a": {
    "asset": 1533610990000,
    "meta": 1536824458881,
    "relativePath": "misc\\default_video.mp4"
  },
  "b181c1e4-0a72-4a91-bfb0-ae6f36ca60bd": {
    "asset": 1533610990000,
    "meta": 1536824458853,
    "relativePath": "image\\default_toggle_pressed.png"
  },
  "f6e6dd15-71d1-4ffe-ace7-24fd39942c05": {
    "asset": 1536824285576,
    "meta": 1533610990000,
    "relativePath": "obsolete"
  },
  "f743d2b6-b7ea-4c14-a55b-547ed4d0a045": {
    "asset": 1536824285604,
    "meta": 1533610990000,
    "relativePath": "particle"
  },
  "b8223619-7e38-47c4-841f-9160c232495a": {
    "asset": 1533610990000,
    "meta": 1536824459018,
    "relativePath": "obsolete\\atom.plist"
  },
  "b2687ac4-099e-403c-a192-ff477686f4f5": {
    "asset": 1533610990000,
    "meta": 1536824459021,
    "relativePath": "particle\\atom.plist"
  },
  "ae6c6c98-11e4-452f-8758-75f5c6a56e83": {
    "asset": 1536824285966,
    "meta": 1533610990000,
    "relativePath": "prefab"
  },
  "972b9a4d-47ee-4c74-b5c3-61d8a69bc29f": {
    "asset": 1533610990000,
    "meta": 1536824458868,
    "relativePath": "prefab\\button.prefab"
  },
  "2c937608-2562-40ea-b264-7395df6f0cea": {
    "asset": 1533610990000,
    "meta": 1536824458875,
    "relativePath": "prefab\\canvas.prefab"
  },
  "27756ebb-3d33-44b0-9b96-e858fadd4dd4": {
    "asset": 1533610990000,
    "meta": 1536824458894,
    "relativePath": "prefab\\label.prefab"
  },
  "61aeb05b-3b32-452b-8eed-2b76deeed554": {
    "asset": 1533610990000,
    "meta": 1536824458888,
    "relativePath": "prefab\\editbox.prefab"
  },
  "785a442c-3ceb-45be-a46e-7317f625f3b9": {
    "asset": 1533610990000,
    "meta": 1536824458900,
    "relativePath": "prefab\\layout.prefab"
  },
  "ca8401fe-ad6e-41a8-bd46-8e3e4e9945be": {
    "asset": 1533610990000,
    "meta": 1536824458906,
    "relativePath": "prefab\\pageview.prefab"
  },
  "5965ffac-69da-4b55-bcde-9225d0613c28": {
    "asset": 1533610990000,
    "meta": 1536824458918,
    "relativePath": "prefab\\progressBar.prefab"
  },
  "cd33edea-55f5-46c2-958d-357a01384a36": {
    "asset": 1533610990000,
    "meta": 1536824458913,
    "relativePath": "prefab\\particlesystem.prefab"
  },
  "4a37dd57-78cd-4cec-aad4-f11a73d12b63": {
    "asset": 1533610990000,
    "meta": 1536824458924,
    "relativePath": "prefab\\richtext.prefab"
  },
  "32044bd2-481f-4cf1-a656-e2b2fb1594eb": {
    "asset": 1533610990000,
    "meta": 1536824458932,
    "relativePath": "prefab\\scrollview.prefab"
  },
  "0004d1cf-a0ad-47d8-ab17-34d3db9d35a3": {
    "asset": 1533610990000,
    "meta": 1536824458939,
    "relativePath": "prefab\\slider.prefab"
  },
  "1f55e3be-b89b-4b79-88de-47fd31018044": {
    "asset": 1533610990000,
    "meta": 1536824458947,
    "relativePath": "prefab\\sprite_splash.prefab"
  },
  "7de03a80-4457-438d-95a7-3e7cdffd6086": {
    "asset": 1533610990000,
    "meta": 1536824458959,
    "relativePath": "prefab\\tiledmap.prefab"
  },
  "96083d03-c332-4a3f-9386-d03e2d19e8ee": {
    "asset": 1533610990000,
    "meta": 1536824458953,
    "relativePath": "prefab\\sprite.prefab"
  },
  "0d784963-d024-4ea6-a7db-03be0ad63010": {
    "asset": 1533610990000,
    "meta": 1536824458966,
    "relativePath": "prefab\\toggle.prefab"
  },
  "d1b8be49-b0a0-435c-83b7-552bed4bbe35": {
    "asset": 1533610990000,
    "meta": 1536824458979,
    "relativePath": "prefab\\toggleGroup.prefab"
  },
  "bf0a434c-84dd-4a8e-a08a-7a36f180cc75": {
    "asset": 1533610990000,
    "meta": 1536824458973,
    "relativePath": "prefab\\toggleContainer.prefab"
  },
  "232d2782-c4bd-4bb4-9e01-909f03d6d3b9": {
    "asset": 1533610990000,
    "meta": 1536824458985,
    "relativePath": "prefab\\videoplayer.prefab"
  },
  "8c5001fd-07ee-4a4b-a8a0-63e15195e94d": {
    "asset": 1533610990000,
    "meta": 1536824458990,
    "relativePath": "prefab\\webview.prefab"
  },
  "29f52784-2fca-467b-92e7-8fd9ef8c57b7": {
    "asset": 1536818083251,
    "meta": 1536799637490,
    "relativePath": "Scene"
  },
  "4734c20c-0db8-4eb2-92ea-e692f4d70934": {
    "asset": 1536827950267,
    "meta": 1536799637491,
    "relativePath": "Script"
  },
  "7b81d4e8-ec84-4716-968d-500ac1d78a54": {
    "asset": 1536801244924,
    "meta": 1536799637492,
    "relativePath": "Texture"
  },
  "a8027877-d8d6-4645-97a0-52d4a0123dba": {
    "asset": 1533007820000,
    "meta": 1536824459480,
    "relativePath": "Texture\\singleColor.png"
  },
  "3a0b1f0f-2c8a-4e70-966a-01738ce7991e": {
    "asset": 1533007820000,
    "meta": 1536824459126,
    "relativePath": "Texture\\addBall.png"
  },
  "577c8b58-eb5c-4c34-87ca-bd9105a88bf3": {
    "asset": 1533007820000,
    "meta": 1536824459132,
    "relativePath": "Texture\\aidBall.png"
  },
  "b0084894-69d5-4ff1-a9f7-01098ea7308b": {
    "asset": 1533007820000,
    "meta": 1536824459166,
    "relativePath": "Texture\\arrow.png"
  },
  "df631e35-2314-40af-8cca-a4ee902506a6": {
    "asset": 1533007820000,
    "meta": 1536824459173,
    "relativePath": "Texture\\arrow3.png"
  },
  "52a2d154-c08f-421b-8225-b6183cf53d76": {
    "asset": 1533007820000,
    "meta": 1536824459216,
    "relativePath": "Texture\\ball.png"
  },
  "bcc9368d-9963-4bba-89dd-ac4d60848849": {
    "asset": 1533007820000,
    "meta": 1536824459254,
    "relativePath": "Texture\\DoubleSize.png"
  },
  "14dfeffe-13de-4632-853b-65c2aef1f73c": {
    "asset": 1533007820000,
    "meta": 1536824459210,
    "relativePath": "Texture\\buttonTemplate.png"
  },
  "27edb45a-50d0-4ba4-8c39-79880f3bc92a": {
    "asset": 1533007820000,
    "meta": 1536824459308,
    "relativePath": "Texture\\ground.png"
  },
  "ee6a9da9-72a8-40cc-9e9a-58b524d18d82": {
    "asset": 1533007820000,
    "meta": 1536824459263,
    "relativePath": "Texture\\DoubleSizeBall.png"
  },
  "4e776a0f-f5b9-489c-a2a8-346badf24c77": {
    "asset": 1533007820000,
    "meta": 1536824459354,
    "relativePath": "Texture\\leftwall.png"
  },
  "4f3ff1c0-0c95-4c94-9611-5122c01617dd": {
    "asset": 1533007820000,
    "meta": 1536824459314,
    "relativePath": "Texture\\lefttopwall.png"
  },
  "2c20e947-4d2a-4eaa-8445-6a54fa7f8caf": {
    "asset": 1533007820000,
    "meta": 1536824459399,
    "relativePath": "Texture\\polygon3.png"
  },
  "8b404878-a3ac-4254-b86b-a248e6a3ce68": {
    "asset": 1533007820000,
    "meta": 1536824459360,
    "relativePath": "Texture\\particle5.png"
  },
  "2316532d-065f-4e18-9bdb-63995b4c4e89": {
    "asset": 1533007820000,
    "meta": 1536824459405,
    "relativePath": "Texture\\polygon4.png"
  },
  "fbd72e06-475b-41f5-bf54-ec23fdd8b35c": {
    "asset": 1533007820000,
    "meta": 1536824459438,
    "relativePath": "Texture\\polygon5.png"
  },
  "bb04b3a3-a36b-49f1-aee0-6f90c551474a": {
    "asset": 1533007820000,
    "meta": 1536824459446,
    "relativePath": "Texture\\righttopwall.png"
  },
  "3d5094f5-ac75-4fde-8a97-3845c1350acd": {
    "asset": 1533007820000,
    "meta": 1536824459475,
    "relativePath": "Texture\\Ring.png"
  },
  "fcebfe46-088f-49c5-92d1-c077728eaa1c": {
    "asset": 1533007820000,
    "meta": 1536824459511,
    "relativePath": "Texture\\tail.png"
  },
  "4252978c-0fab-4734-8a9b-b33bba4676b0": {
    "asset": 1533007820000,
    "meta": 1536824459559,
    "relativePath": "Texture\\wheel.png"
  },
  "74783b06-7264-4d65-8120-cfa2a90ae8f0": {
    "asset": 1533007820000,
    "meta": 1536824459572,
    "relativePath": "Texture\\wall.png"
  },
  "d1aefa2f-aa62-46e5-ba26-f6a7abee0754": {
    "asset": 1536803589298,
    "meta": 1536804472505,
    "relativePath": "Script\\PhysicsEnable.ts"
  },
  "ba3d52f8-dea9-4c2c-b010-62697dd18f9d": {
    "asset": 1536814526670,
    "meta": 1536814528940,
    "relativePath": "Script\\Ball.ts"
  },
  "ec656b82-9894-4dfb-bee3-e6da42431e8f": {
    "asset": 1536823506723,
    "meta": 1536816160527,
    "relativePath": "prefab"
  },
  "d1d092e2-9652-4b72-9abd-1c53c10f163f": {
    "asset": 1536818452782,
    "meta": 1536818452809,
    "relativePath": "prefab\\polygon3.prefab"
  },
  "f68362c6-6844-47c6-8731-b578fe329fe6": {
    "asset": 1536816475828,
    "meta": 1536816475843,
    "relativePath": "prefab\\polygon4.prefab"
  },
  "5ffe59a6-8983-4da6-aa38-2cd666baa29d": {
    "asset": 1536818379970,
    "meta": 1536818379990,
    "relativePath": "prefab\\polygon5.prefab"
  },
  "d8b99c22-1b6c-4645-86bd-ae2edb5a2610": {
    "asset": 1536828001121,
    "meta": 1536828001138,
    "relativePath": "Scene\\main.fire"
  },
  "e2037478-873b-41eb-9e9e-417517936502": {
    "asset": 1536823486929,
    "meta": 1536823486953,
    "relativePath": "prefab\\buffAddBall.prefab"
  },
  "b7262aae-5e8a-41f9-9154-fce1f08bc5d7": {
    "asset": 1536823493897,
    "meta": 1536823493906,
    "relativePath": "prefab\\ball.prefab"
  },
  "003d5f24-6c51-4afc-9593-0b4192161fc2": {
    "asset": 1536828550056,
    "meta": 1536828787511,
    "relativePath": "Script\\Barrier.ts"
  },
  "033b6f5c-7b99-4ff2-8c97-90546ef16aa3": {
    "asset": 1536828577971,
    "meta": 1536828787514,
    "relativePath": "Script\\MainController.ts"
  }
}