[
  {
    "__type__": "cc.Prefab",
    "_name": "toggleContainer",
    "_objFlags": 0,
    "_native": "",
    "data": {
      "__id__": 1
    },
    "optimizationPolicy": 1,
    "asyncLoadAssets": false
  },
  {
    "__type__": "cc.Node",
    "_name": "toggleContainer",
    "_objFlags": 0,
    "_parent": null,
    "_children": [
      {
        "__id__": 2
      },
      {
        "__id__": 11
      },
      {
        "__id__": 20
      }
    ],
    "_tag": -1,
    "_active": true,
    "_components": [
      {
        "__id__": 29
      }
    ],
    "_prefab": {
      "__id__": 30
    },
    "_id": "",
    "_opacity": 255,
    "_color": {
      "__type__": "cc.Color",
      "r": 255,
      "g": 255,
      "b": 255,
      "a": 255
    },
    "_cascadeOpacityEnabled": true,
    "_anchorPoint": {
      "__type__": "cc.Vec2",
      "x": 0.5,
      "y": 0.5
    },
    "_contentSize": {
      "__type__": "cc.Size",
      "width": 221,
      "height": 61
    },
    "_rotationX": 0,
    "_rotationY": 0,
    "_scaleX": 1,
    "_scaleY": 1,
    "_position": {
      "__type__": "cc.Vec2",
      "x": 0,
      "y": 0
    },
    "_skewX": 0,
    "_skewY": 0,
    "_localZOrder": 0,
    "_globalZOrder": 0,
    "_opacityModifyRGB": false,
    "groupIndex": 0
  },
  {
    "__type__": "cc.Node",
    "_name": "toggle1",
    "_objFlags": 0,
    "_parent": {
      "__id__": 1
    },
    "_children": [
      {
        "__id__": 3
      },
      {
        "__id__": 6
      }
    ],
    "_tag": -1,
    "_active": true,
    "_components": [
      {
        "__id__": 9
      }
    ],
    "_prefab": {
      "__id__": 10
    },
    "_id": "",
    "_opacity": 255,
    "_color": {
      "__type__": "cc.Color",
      "r": 255,
      "g": 255,
      "b": 255,
      "a": 255
    },
    "_cascadeOpacityEnabled": true,
    "_anchorPoint": {
      "__type__": "cc.Vec2",
      "x": 0.5,
      "y": 0.5
    },
    "_contentSize": {
      "__type__": "cc.Size",
      "width": 41,
      "height": 28
    },
    "_rotationX": 0,
    "_rotationY": 0,
    "_scaleX": 1,
    "_scaleY": 1,
    "_position": {
      "__type__": "cc.Vec2",
      "x": -62,
      "y": 3
    },
    "_skewX": 0,
    "_skewY": 0,
    "_localZOrder": 0,
    "_globalZOrder": 0,
    "_opacityModifyRGB": false,
    "groupIndex": 0
  },
  {
    "__type__": "cc.Node",
    "_name": "Background",
    "_objFlags": 0,
    "_parent": {
      "__id__": 2
    },
    "_children": [],
    "_tag": -1,
    "_active": true,
    "_components": [
      {
        "__id__": 4
      }
    ],
    "_prefab": {
      "__id__": 5
    },
    "_id": "",
    "_opacity": 255,
    "_color": {
      "__type__": "cc.Color",
      "r": 255,
      "g": 255,
      "b": 255,
      "a": 255
    },
    "_cascadeOpacityEnabled": true,
    "_anchorPoint": {
      "__type__": "cc.Vec2",
      "x": 0.5,
      "y": 0.5
    },
    "_contentSize": {
      "__type__": "cc.Size",
      "width": 28,
      "height": 30
    },
    "_rotationX": 0,
    "_rotationY": 0,
    "_scaleX": 1,
    "_scaleY": 1,
    "_position": {
      "__type__": "cc.Vec2",
      "x": 0,
      "y": 0
    },
    "_skewX": 0,
    "_skewY": 0,
    "_localZOrder": 0,
    "_globalZOrder": 0,
    "_opacityModifyRGB": false,
    "groupIndex": 0
  },
  {
    "__type__": "cc.Sprite",
    "_name": "",
    "_objFlags": 0,
    "node": {
      "__id__": 3
    },
    "_enabled": true,
    "_spriteFrame": {
      "__uuid__": "e7aba14b-f956-4480-b254-8d57832e273f"
    },
    "_type": 0,
    "_sizeMode": 1,
    "_fillType": 0,
    "_fillCenter": {
      "__type__": "cc.Vec2",
      "x": 0,
      "y": 0
    },
    "_fillStart": 0,
    "_fillRange": 0,
    "_isTrimmedMode": true,
    "_srcBlendFactor": 770,
    "_dstBlendFactor": 771,
    "_atlas": null
  },
  {
    "__type__": "cc.PrefabInfo",
    "root": {
      "__id__": 1
    },
    "asset": {
      "__uuid__": "bf0a434c-84dd-4a8e-a08a-7a36f180cc75"
    },
    "fileId": "12e439SyJxPm6pHTRj/H92b",
    "sync": false
  },
  {
    "__type__": "cc.Node",
    "_name": "checkmark",
    "_objFlags": 0,
    "_parent": {
      "__id__": 2
    },
    "_children": [],
    "_tag": -1,
    "_active": true,
    "_components": [
      {
        "__id__": 7
      }
    ],
    "_prefab": {
      "__id__": 8
    },
    "_id": "",
    "_opacity": 255,
    "_color": {
      "__type__": "cc.Color",
      "r": 255,
      "g": 255,
      "b": 255,
      "a": 255
    },
    "_cascadeOpacityEnabled": true,
    "_anchorPoint": {
      "__type__": "cc.Vec2",
      "x": 0.5,
      "y": 0.5
    },
    "_contentSize": {
      "__type__": "cc.Size",
      "width": 32,
      "height": 32
    },
    "_rotationX": 0,
    "_rotationY": 0,
    "_scaleX": 1,
    "_scaleY": 1,
    "_position": {
      "__type__": "cc.Vec2",
      "x": 0,
      "y": 0
    },
    "_skewX": 0,
    "_skewY": 0,
    "_localZOrder": 0,
    "_globalZOrder": 0,
    "_opacityModifyRGB": false,
    "groupIndex": 0
  },
  {
    "__type__": "cc.Sprite",
    "_name": "",
    "_objFlags": 0,
    "node": {
      "__id__": 6
    },
    "_enabled": true,
    "_spriteFrame": {
      "__uuid__": "1a32fc76-f0bd-4f66-980f-56929c0ca0b3"
    },
    "_type": 0,
    "_sizeMode": 2,
    "_fillType": 0,
    "_fillCenter": {
      "__type__": "cc.Vec2",
      "x": 0,
      "y": 0
    },
    "_fillStart": 0,
    "_fillRange": 0,
    "_isTrimmedMode": false,
    "_srcBlendFactor": 770,
    "_dstBlendFactor": 771,
    "_atlas": null
  },
  {
    "__type__": "cc.PrefabInfo",
    "root": {
      "__id__": 1
    },
    "asset": {
      "__uuid__": "bf0a434c-84dd-4a8e-a08a-7a36f180cc75"
    },
    "fileId": "d5f81EvT59O3IYhi0b8awdA",
    "sync": false
  },
  {
    "__type__": "cc.Toggle",
    "_name": "",
    "_objFlags": 0,
    "node": {
      "__id__": 2
    },
    "_enabled": true,
    "transition": 3,
    "pressedColor": {
      "__type__": "cc.Color",
      "r": 211,
      "g": 211,
      "b": 211,
      "a": 255
    },
    "hoverColor": {
      "__type__": "cc.Color",
      "r": 255,
      "g": 255,
      "b": 255,
      "a": 255
    },
    "duration": 0.1,
    "zoomScale": 1.2,
    "pressedSprite": null,
    "hoverSprite": null,
    "clickEvents": [],
    "_N$interactable": true,
    "_N$enableAutoGrayEffect": false,
    "_N$normalColor": {
      "__type__": "cc.Color",
      "r": 214,
      "g": 214,
      "b": 214,
      "a": 255
    },
    "_N$disabledColor": {
      "__type__": "cc.Color",
      "r": 124,
      "g": 124,
      "b": 124,
      "a": 255
    },
    "_N$normalSprite": null,
    "_N$disabledSprite": null,
    "_N$target": {
      "__id__": 2
    },
    "toggleGroup": null,
    "checkMark": {
      "__id__": 7
    },
    "checkEvents": [],
    "_N$isChecked": true
  },
  {
    "__type__": "cc.PrefabInfo",
    "root": {
      "__id__": 1
    },
    "asset": {
      "__uuid__": "bf0a434c-84dd-4a8e-a08a-7a36f180cc75"
    },
    "fileId": "f8ae482OYFF86r5AHHZHzkB",
    "sync": false
  },
  {
    "__type__": "cc.Node",
    "_name": "toggle2",
    "_objFlags": 0,
    "_parent": {
      "__id__": 1
    },
    "_children": [
      {
        "__id__": 12
      },
      {
        "__id__": 15
      }
    ],
    "_tag": -1,
    "_active": true,
    "_components": [
      {
        "__id__": 18
      }
    ],
    "_prefab": {
      "__id__": 19
    },
    "_id": "",
    "_opacity": 255,
    "_color": {
      "__type__": "cc.Color",
      "r": 255,
      "g": 255,
      "b": 255,
      "a": 255
    },
    "_cascadeOpacityEnabled": true,
    "_anchorPoint": {
      "__type__": "cc.Vec2",
      "x": 0.5,
      "y": 0.5
    },
    "_contentSize": {
      "__type__": "cc.Size",
      "width": 42,
      "height": 28
    },
    "_rotationX": 0,
    "_rotationY": 0,
    "_scaleX": 1,
    "_scaleY": 1,
    "_position": {
      "__type__": "cc.Vec2",
      "x": 15,
      "y": 3
    },
    "_skewX": 0,
    "_skewY": 0,
    "_localZOrder": 0,
    "_globalZOrder": 0,
    "_opacityModifyRGB": false,
    "groupIndex": 0
  },
  {
    "__type__": "cc.Node",
    "_name": "Background",
    "_objFlags": 0,
    "_parent": {
      "__id__": 11
    },
    "_children": [],
    "_tag": -1,
    "_active": true,
    "_components": [
      {
        "__id__": 13
      }
    ],
    "_prefab": {
      "__id__": 14
    },
    "_id": "",
    "_opacity": 255,
    "_color": {
      "__type__": "cc.Color",
      "r": 255,
      "g": 255,
      "b": 255,
      "a": 255
    },
    "_cascadeOpacityEnabled": true,
    "_anchorPoint": {
      "__type__": "cc.Vec2",
      "x": 0.5,
      "y": 0.5
    },
    "_contentSize": {
      "__type__": "cc.Size",
      "width": 28,
      "height": 30
    },
    "_rotationX": 0,
    "_rotationY": 0,
    "_scaleX": 1,
    "_scaleY": 1,
    "_position": {
      "__type__": "cc.Vec2",
      "x": 0,
      "y": 0
    },
    "_skewX": 0,
    "_skewY": 0,
    "_localZOrder": 0,
    "_globalZOrder": 0,
    "_opacityModifyRGB": false,
    "groupIndex": 0
  },
  {
    "__type__": "cc.Sprite",
    "_name": "",
    "_objFlags": 0,
    "node": {
      "__id__": 12
    },
    "_enabled": true,
    "_spriteFrame": {
      "__uuid__": "e7aba14b-f956-4480-b254-8d57832e273f"
    },
    "_type": 0,
    "_sizeMode": 1,
    "_fillType": 0,
    "_fillCenter": {
      "__type__": "cc.Vec2",
      "x": 0,
      "y": 0
    },
    "_fillStart": 0,
    "_fillRange": 0,
    "_isTrimmedMode": true,
    "_srcBlendFactor": 770,
    "_dstBlendFactor": 771,
    "_atlas": null
  },
  {
    "__type__": "cc.PrefabInfo",
    "root": {
      "__id__": 1
    },
    "asset": {
      "__uuid__": "bf0a434c-84dd-4a8e-a08a-7a36f180cc75"
    },
    "fileId": "23182iNXjhGfbiM+k2MoPhG",
    "sync": false
  },
  {
    "__type__": "cc.Node",
    "_name": "checkmark",
    "_objFlags": 0,
    "_parent": {
      "__id__": 11
    },
    "_children": [],
    "_tag": -1,
    "_active": false,
    "_components": [
      {
        "__id__": 16
      }
    ],
    "_prefab": {
      "__id__": 17
    },
    "_id": "",
    "_opacity": 255,
    "_color": {
      "__type__": "cc.Color",
      "r": 255,
      "g": 255,
      "b": 255,
      "a": 255
    },
    "_cascadeOpacityEnabled": true,
    "_anchorPoint": {
      "__type__": "cc.Vec2",
      "x": 0.5,
      "y": 0.5
    },
    "_contentSize": {
      "__type__": "cc.Size",
      "width": 32,
      "height": 32
    },
    "_rotationX": 0,
    "_rotationY": 0,
    "_scaleX": 1,
    "_scaleY": 1,
    "_position": {
      "__type__": "cc.Vec2",
      "x": 0,
      "y": 0
    },
    "_skewX": 0,
    "_skewY": 0,
    "_localZOrder": 0,
    "_globalZOrder": 0,
    "_opacityModifyRGB": false,
    "groupIndex": 0
  },
  {
    "__type__": "cc.Sprite",
    "_name": "",
    "_objFlags": 0,
    "node": {
      "__id__": 15
    },
    "_enabled": true,
    "_spriteFrame": {
      "__uuid__": "1a32fc76-f0bd-4f66-980f-56929c0ca0b3"
    },
    "_type": 0,
    "_sizeMode": 2,
    "_fillType": 0,
    "_fillCenter": {
      "__type__": "cc.Vec2",
      "x": 0,
      "y": 0
    },
    "_fillStart": 0,
    "_fillRange": 0,
    "_isTrimmedMode": false,
    "_srcBlendFactor": 770,
    "_dstBlendFactor": 771,
    "_atlas": null
  },
  {
    "__type__": "cc.PrefabInfo",
    "root": {
      "__id__": 1
    },
    "asset": {
      "__uuid__": "bf0a434c-84dd-4a8e-a08a-7a36f180cc75"
    },
    "fileId": "67160qO3xZPvYfuiiHVaiyt",
    "sync": false
  },
  {
    "__type__": "cc.Toggle",
    "_name": "",
    "_objFlags": 0,
    "node": {
      "__id__": 11
    },
    "_enabled": true,
    "transition": 3,
    "pressedColor": {
      "__type__": "cc.Color",
      "r": 211,
      "g": 211,
      "b": 211,
      "a": 255
    },
    "hoverColor": {
      "__type__": "cc.Color",
      "r": 255,
      "g": 255,
      "b": 255,
      "a": 255
    },
    "duration": 0.1,
    "zoomScale": 1.2,
    "pressedSprite": null,
    "hoverSprite": null,
    "clickEvents": [],
    "_N$interactable": true,
    "_N$enableAutoGrayEffect": false,
    "_N$normalColor": {
      "__type__": "cc.Color",
      "r": 214,
      "g": 214,
      "b": 214,
      "a": 255
    },
    "_N$disabledColor": {
      "__type__": "cc.Color",
      "r": 124,
      "g": 124,
      "b": 124,
      "a": 255
    },
    "_N$normalSprite": null,
    "_N$disabledSprite": null,
    "_N$target": {
      "__id__": 11
    },
    "toggleGroup": null,
    "checkMark": {
      "__id__": 16
    },
    "checkEvents": [],
    "_N$isChecked": true
  },
  {
    "__type__": "cc.PrefabInfo",
    "root": {
      "__id__": 1
    },
    "asset": {
      "__uuid__": "bf0a434c-84dd-4a8e-a08a-7a36f180cc75"
    },
    "fileId": "4b82d4NuWJDnZcPM+lR6By/",
    "sync": false
  },
  {
    "__type__": "cc.Node",
    "_name": "toggle3",
    "_objFlags": 0,
    "_parent": {
      "__id__": 1
    },
    "_children": [
      {
        "__id__": 21
      },
      {
        "__id__": 24
      }
    ],
    "_tag": -1,
    "_active": true,
    "_components": [
      {
        "__id__": 27
      }
    ],
    "_prefab": {
      "__id__": 28
    },
    "_id": "",
    "_opacity": 255,
    "_color": {
      "__type__": "cc.Color",
      "r": 255,
      "g": 255,
      "b": 255,
      "a": 255
    },
    "_cascadeOpacityEnabled": true,
    "_anchorPoint": {
      "__type__": "cc.Vec2",
      "x": 0.5,
      "y": 0.5
    },
    "_contentSize": {
      "__type__": "cc.Size",
      "width": 37,
      "height": 28
    },
    "_rotationX": 0,
    "_rotationY": 0,
    "_scaleX": 1,
    "_scaleY": 1,
    "_position": {
      "__type__": "cc.Vec2",
      "x": 91,
      "y": 3
    },
    "_skewX": 0,
    "_skewY": 0,
    "_localZOrder": 0,
    "_globalZOrder": 0,
    "_opacityModifyRGB": false,
    "groupIndex": 0
  },
  {
    "__type__": "cc.Node",
    "_name": "Background",
    "_objFlags": 0,
    "_parent": {
      "__id__": 20
    },
    "_children": [],
    "_tag": -1,
    "_active": true,
    "_components": [
      {
        "__id__": 22
      }
    ],
    "_prefab": {
      "__id__": 23
    },
    "_id": "",
    "_opacity": 255,
    "_color": {
      "__type__": "cc.Color",
      "r": 255,
      "g": 255,
      "b": 255,
      "a": 255
    },
    "_cascadeOpacityEnabled": true,
    "_anchorPoint": {
      "__type__": "cc.Vec2",
      "x": 0.5,
      "y": 0.5
    },
    "_contentSize": {
      "__type__": "cc.Size",
      "width": 28,
      "height": 30
    },
    "_rotationX": 0,
    "_rotationY": 0,
    "_scaleX": 1,
    "_scaleY": 1,
    "_position": {
      "__type__": "cc.Vec2",
      "x": 0,
      "y": 0
    },
    "_skewX": 0,
    "_skewY": 0,
    "_localZOrder": 0,
    "_globalZOrder": 0,
    "_opacityModifyRGB": false,
    "groupIndex": 0
  },
  {
    "__type__": "cc.Sprite",
    "_name": "",
    "_objFlags": 0,
    "node": {
      "__id__": 21
    },
    "_enabled": true,
    "_spriteFrame": {
      "__uuid__": "e7aba14b-f956-4480-b254-8d57832e273f"
    },
    "_type": 0,
    "_sizeMode": 1,
    "_fillType": 0,
    "_fillCenter": {
      "__type__": "cc.Vec2",
      "x": 0,
      "y": 0
    },
    "_fillStart": 0,
    "_fillRange": 0,
    "_isTrimmedMode": true,
    "_srcBlendFactor": 770,
    "_dstBlendFactor": 771,
    "_atlas": null
  },
  {
    "__type__": "cc.PrefabInfo",
    "root": {
      "__id__": 1
    },
    "asset": {
      "__uuid__": "bf0a434c-84dd-4a8e-a08a-7a36f180cc75"
    },
    "fileId": "7042dNy6Q1OmYWrdrd+O8Q7",
    "sync": false
  },
  {
    "__type__": "cc.Node",
    "_name": "checkmark",
    "_objFlags": 0,
    "_parent": {
      "__id__": 20
    },
    "_children": [],
    "_tag": -1,
    "_active": false,
    "_components": [
      {
        "__id__": 25
      }
    ],
    "_prefab": {
      "__id__": 26
    },
    "_id": "",
    "_opacity": 255,
    "_color": {
      "__type__": "cc.Color",
      "r": 255,
      "g": 255,
      "b": 255,
      "a": 255
    },
    "_cascadeOpacityEnabled": true,
    "_anchorPoint": {
      "__type__": "cc.Vec2",
      "x": 0.5,
      "y": 0.5
    },
    "_contentSize": {
      "__type__": "cc.Size",
      "width": 32,
      "height": 32
    },
    "_rotationX": 0,
    "_rotationY": 0,
    "_scaleX": 1,
    "_scaleY": 1,
    "_position": {
      "__type__": "cc.Vec2",
      "x": 0,
      "y": 0
    },
    "_skewX": 0,
    "_skewY": 0,
    "_localZOrder": 0,
    "_globalZOrder": 0,
    "_opacityModifyRGB": false,
    "groupIndex": 0
  },
  {
    "__type__": "cc.Sprite",
    "_name": "",
    "_objFlags": 0,
    "node": {
      "__id__": 24
    },
    "_enabled": true,
    "_spriteFrame": {
      "__uuid__": "1a32fc76-f0bd-4f66-980f-56929c0ca0b3"
    },
    "_type": 0,
    "_sizeMode": 2,
    "_fillType": 0,
    "_fillCenter": {
      "__type__": "cc.Vec2",
      "x": 0,
      "y": 0
    },
    "_fillStart": 0,
    "_fillRange": 0,
    "_isTrimmedMode": false,
    "_srcBlendFactor": 770,
    "_dstBlendFactor": 771,
    "_atlas": null
  },
  {
    "__type__": "cc.PrefabInfo",
    "root": {
      "__id__": 1
    },
    "asset": {
      "__uuid__": "bf0a434c-84dd-4a8e-a08a-7a36f180cc75"
    },
    "fileId": "faafbv5RyVCB5deTlAulXVo",
    "sync": false
  },
  {
    "__type__": "cc.Toggle",
    "_name": "",
    "_objFlags": 0,
    "node": {
      "__id__": 20
    },
    "_enabled": true,
    "transition": 3,
    "pressedColor": {
      "__type__": "cc.Color",
      "r": 211,
      "g": 211,
      "b": 211,
      "a": 255
    },
    "hoverColor": {
      "__type__": "cc.Color",
      "r": 255,
      "g": 255,
      "b": 255,
      "a": 255
    },
    "duration": 0.1,
    "zoomScale": 1.2,
    "pressedSprite": null,
    "hoverSprite": null,
    "clickEvents": [],
    "_N$interactable": true,
    "_N$enableAutoGrayEffect": false,
    "_N$normalColor": {
      "__type__": "cc.Color",
      "r": 214,
      "g": 214,
      "b": 214,
      "a": 255
    },
    "_N$disabledColor": {
      "__type__": "cc.Color",
      "r": 124,
      "g": 124,
      "b": 124,
      "a": 255
    },
    "_N$normalSprite": null,
    "_N$disabledSprite": null,
    "_N$target": {
      "__id__": 20
    },
    "toggleGroup": null,
    "checkMark": {
      "__id__": 25
    },
    "checkEvents": [],
    "_N$isChecked": true
  },
  {
    "__type__": "cc.PrefabInfo",
    "root": {
      "__id__": 1
    },
    "asset": {
      "__uuid__": "bf0a434c-84dd-4a8e-a08a-7a36f180cc75"
    },
    "fileId": "2b5ebCn5ohKwJt/iEtuj16b",
    "sync": false
  },
  {
    "__type__": "cc.ToggleContainer",
    "_name": "",
    "_objFlags": 0,
    "node": {
      "__id__": 1
    },
    "_enabled": true,
    "allowSwitchOff": false
  },
  {
    "__type__": "cc.PrefabInfo",
    "root": {
      "__id__": 1
    },
    "asset": {
      "__uuid__": "bf0a434c-84dd-4a8e-a08a-7a36f180cc75"
    },
    "fileId": "8762b/ljEVCT4m/QHu2tS1g",
    "sync": false
  }
]