{
  "item-states": [
    {
      "folded": false,
      "id": "mount-assets"
    },
    {
      "folded": false,
      "id": "29f52784-2fca-467b-92e7-8fd9ef8c57b7"
    },
    {
      "folded": false,
      "id": "4734c20c-0db8-4eb2-92ea-e692f4d70934"
    },
    {
      "folded": false,
      "id": "7b81d4e8-ec84-4716-968d-500ac1d78a54"
    },
    {
      "folded": true,
      "id": "a8027877-d8d6-4645-97a0-52d4a0123dba"
    },
    {
      "folded": true,
      "id": "3a0b1f0f-2c8a-4e70-966a-01738ce7991e"
    },
    {
      "folded": true,
      "id": "577c8b58-eb5c-4c34-87ca-bd9105a88bf3"
    },
    {
      "folded": true,
      "id": "b0084894-69d5-4ff1-a9f7-01098ea7308b"
    },
    {
      "folded": true,
      "id": "df631e35-2314-40af-8cca-a4ee902506a6"
    },
    {
      "folded": true,
      "id": "52a2d154-c08f-421b-8225-b6183cf53d76"
    },
    {
      "folded": true,
      "id": "bcc9368d-9963-4bba-89dd-ac4d60848849"
    },
    {
      "folded": true,
      "id": "14dfeffe-13de-4632-853b-65c2aef1f73c"
    },
    {
      "folded": true,
      "id": "27edb45a-50d0-4ba4-8c39-79880f3bc92a"
    },
    {
      "folded": true,
      "id": "ee6a9da9-72a8-40cc-9e9a-58b524d18d82"
    },
    {
      "folded": true,
      "id": "4e776a0f-f5b9-489c-a2a8-346badf24c77"
    },
    {
      "folded": true,
      "id": "4f3ff1c0-0c95-4c94-9611-5122c01617dd"
    },
    {
      "folded": true,
      "id": "2c20e947-4d2a-4eaa-8445-6a54fa7f8caf"
    },
    {
      "folded": true,
      "id": "8b404878-a3ac-4254-b86b-a248e6a3ce68"
    },
    {
      "folded": true,
      "id": "2316532d-065f-4e18-9bdb-63995b4c4e89"
    },
    {
      "folded": true,
      "id": "fbd72e06-475b-41f5-bf54-ec23fdd8b35c"
    },
    {
      "folded": true,
      "id": "bb04b3a3-a36b-49f1-aee0-6f90c551474a"
    },
    {
      "folded": true,
      "id": "3d5094f5-ac75-4fde-8a97-3845c1350acd"
    },
    {
      "folded": true,
      "id": "fcebfe46-088f-49c5-92d1-c077728eaa1c"
    },
    {
      "folded": true,
      "id": "4252978c-0fab-4734-8a9b-b33bba4676b0"
    },
    {
      "folded": true,
      "id": "74783b06-7264-4d65-8120-cfa2a90ae8f0"
    },
    {
      "folded": false,
      "id": "ec656b82-9894-4dfb-bee3-e6da42431e8f"
    }
  ]
}