{
  "version": "1.1.1",
  "windows": {
    "main": {
      "main": true,
      "url": "app://editor/index.html",
      "windowType": "dockable",
      "x": -8,
      "y": -8,
      "width": 1552,
      "height": 840,
      "layout": {
        "children": [
          {
            "children": [
              {
                "active": 0,
                "children": [
                  "hierarchy"
                ],
                "height": 360.1000061035156,
                "type": "panel",
                "width": 219.0625
              },
              {
                "active": 0,
                "children": [
                  "assets"
                ],
                "height": 351.1000061035156,
                "type": "panel",
                "width": 219.0625
              }
            ],
            "height": 714.2000122070312,
            "type": "dock-v",
            "width": 219.0625
          },
          {
            "children": [
              {
                "children": [
                  {
                    "active": 0,
                    "children": [
                      "scene"
                    ],
                    "height": 444.1125183105469,
                    "type": "panel",
                    "width": 541.1375122070312
                  },
                  {
                    "active": 0,
                    "children": [
                      "node-library"
                    ],
                    "height": 444.1125183105469,
                    "type": "panel",
                    "width": 366.1000061035156
                  }
                ],
                "height": 444.1125183105469,
                "type": "dock-h",
                "width": 910.2374877929688
              },
              {
                "active": 0,
                "children": [
                  "console",
                  "timeline"
                ],
                "height": 267.07501220703125,
                "type": "panel",
                "width": 910.2374877929688
              }
            ],
            "height": 714.2000122070312,
            "type": "dock-v",
            "width": 910.2374877929688
          },
          {
            "active": 0,
            "children": [
              "inspector"
            ],
            "height": 714.2000122070312,
            "type": "panel",
            "width": 397.1000061035156
          }
        ],
        "type": "dock-h"
      },
      "panels": [
        "hierarchy",
        "node-library",
        "console",
        "timeline",
        "inspector",
        "assets",
        "scene"
      ]
    }
  },
  "panels": {}
}