[
  {
    "__type__": "cc.SceneAsset",
    "_name": "main",
    "_objFlags": 0,
    "_native": "",
    "scene": {
      "__id__": 1
    },
    "asyncLoadAssets": false
  },
  {
    "__type__": "cc.Scene",
    "_objFlags": 0,
    "_parent": null,
    "_children": [
      {
        "__id__": 2
      }
    ],
    "_tag": -1,
    "_active": true,
    "_components": [],
    "_prefab": null,
    "_id": "d8b99c22-1b6c-4645-86bd-ae2edb5a2610",
    "_opacity": 255,
    "_color": {
      "__type__": "cc.Color",
      "r": 255,
      "g": 255,
      "b": 255,
      "a": 255
    },
    "_cascadeOpacityEnabled": true,
    "_anchorPoint": {
      "__type__": "cc.Vec2",
      "x": 0,
      "y": 0
    },
    "_contentSize": {
      "__type__": "cc.Size",
      "width": 0,
      "height": 0
    },
    "_localZOrder": 0,
    "_globalZOrder": 0,
    "_opacityModifyRGB": false,
    "groupIndex": 0,
    "autoReleaseAssets": false
  },
  {
    "__type__": "cc.Node",
    "_name": "Canvas",
    "_objFlags": 0,
    "_parent": {
      "__id__": 1
    },
    "_children": [
      {
        "__id__": 3
      },
      {
        "__id__": 5
      },
      {
        "__id__": 11
      },
      {
        "__id__": 16
      },
      {
        "__id__": 20
      },
      {
        "__id__": 24
      },
      {
        "__id__": 28
      },
      {
        "__id__": 32
      },
      {
        "__id__": 34
      }
    ],
    "_tag": -1,
    "_active": true,
    "_components": [
      {
        "__id__": 36
      },
      {
        "__id__": 37
      },
      {
        "__id__": 38
      }
    ],
    "_prefab": null,
    "_id": "a286bbGknJLZpRpxROV6M94",
    "_opacity": 255,
    "_color": {
      "__type__": "cc.Color",
      "r": 252,
      "g": 252,
      "b": 252,
      "a": 255
    },
    "_cascadeOpacityEnabled": true,
    "_anchorPoint": {
      "__type__": "cc.Vec2",
      "x": 0.5,
      "y": 0.5
    },
    "_contentSize": {
      "__type__": "cc.Size",
      "width": 500,
      "height": 800
    },
    "_rotationX": 0,
    "_rotationY": 0,
    "_scaleX": 1,
    "_scaleY": 1,
    "_position": {
      "__type__": "cc.Vec2",
      "x": 250,
      "y": 400
    },
    "_skewX": 0,
    "_skewY": 0,
    "_localZOrder": 0,
    "_globalZOrder": 0,
    "_opacityModifyRGB": false,
    "groupIndex": 0
  },
  {
    "__type__": "cc.Node",
    "_name": "Main Camera",
    "_objFlags": 0,
    "_parent": {
      "__id__": 2
    },
    "_children": [],
    "_tag": -1,
    "_active": true,
    "_components": [
      {
        "__id__": 4
      }
    ],
    "_prefab": null,
    "_id": "cfUM0G8/VEKp0yb2DF1vHB",
    "_opacity": 255,
    "_color": {
      "__type__": "cc.Color",
      "r": 255,
      "g": 255,
      "b": 255,
      "a": 255
    },
    "_cascadeOpacityEnabled": true,
    "_anchorPoint": {
      "__type__": "cc.Vec2",
      "x": 0.5,
      "y": 0.5
    },
    "_contentSize": {
      "__type__": "cc.Size",
      "width": 0,
      "height": 0
    },
    "_rotationX": 0,
    "_rotationY": 0,
    "_scaleX": 1,
    "_scaleY": 1,
    "_position": {
      "__type__": "cc.Vec2",
      "x": 0,
      "y": 0
    },
    "_skewX": 0,
    "_skewY": 0,
    "_localZOrder": 0,
    "_globalZOrder": 0,
    "_opacityModifyRGB": false,
    "groupIndex": 0
  },
  {
    "__type__": "cc.Camera",
    "_name": "",
    "_objFlags": 0,
    "node": {
      "__id__": 3
    },
    "_enabled": true,
    "_targets": [],
    "zoomRatio": 1
  },
  {
    "__type__": "cc.Node",
    "_name": "ball",
    "_objFlags": 512,
    "_parent": {
      "__id__": 2
    },
    "_children": [],
    "_tag": -1,
    "_active": true,
    "_components": [
      {
        "__id__": 6
      },
      {
        "__id__": 7
      },
      {
        "__id__": 8
      },
      {
        "__id__": 9
      }
    ],
    "_prefab": {
      "__id__": 10
    },
    "_id": "a5EOmzvd1CspQ1NfV7GhxJ",
    "_opacity": 255,
    "_color": {
      "__type__": "cc.Color",
      "r": 255,
      "g": 255,
      "b": 255,
      "a": 255
    },
    "_cascadeOpacityEnabled": true,
    "_anchorPoint": {
      "__type__": "cc.Vec2",
      "x": 0.5,
      "y": 0.5
    },
    "_contentSize": {
      "__type__": "cc.Size",
      "width": 46,
      "height": 46
    },
    "_rotationX": 19,
    "_rotationY": 19,
    "_scaleX": 1,
    "_scaleY": 1,
    "_position": {
      "__type__": "cc.Vec2",
      "x": -44,
      "y": 119
    },
    "_skewX": 0,
    "_skewY": 0,
    "_localZOrder": 0,
    "_globalZOrder": 0,
    "_opacityModifyRGB": false,
    "groupIndex": 0
  },
  {
    "__type__": "cc.Sprite",
    "_name": "",
    "_objFlags": 0,
    "node": {
      "__id__": 5
    },
    "_enabled": true,
    "_spriteFrame": {
      "__uuid__": "c388b34a-1315-4c75-b02f-16001ceae11b"
    },
    "_type": 0,
    "_sizeMode": 0,
    "_fillType": 0,
    "_fillCenter": {
      "__type__": "cc.Vec2",
      "x": 0,
      "y": 0
    },
    "_fillStart": 0,
    "_fillRange": 0,
    "_isTrimmedMode": true,
    "_srcBlendFactor": 770,
    "_dstBlendFactor": 771,
    "_atlas": null
  },
  {
    "__type__": "cc.RigidBody",
    "_name": "",
    "_objFlags": 0,
    "node": {
      "__id__": 5
    },
    "_enabled": true,
    "_type": 2,
    "_allowSleep": true,
    "_gravityScale": 1,
    "_linearDamping": 0,
    "_angularDamping": 0,
    "_linearVelocity": {
      "__type__": "cc.Vec2",
      "x": 0,
      "y": 0
    },
    "_angularVelocity": 0,
    "_fixedRotation": false,
    "enabledContactListener": true,
    "bullet": false
  },
  {
    "__type__": "cc.PhysicsCircleCollider",
    "_name": "",
    "_objFlags": 0,
    "node": {
      "__id__": 5
    },
    "_enabled": true,
    "tag": 0,
    "_density": 1,
    "_sensor": false,
    "_friction": 0.8,
    "_restitution": 1,
    "body": null,
    "_offset": {
      "__type__": "cc.Vec2",
      "x": 0,
      "y": 0
    },
    "_radius": 23
  },
  {
    "__type__": "ba3d5L43qlMLLAQYml90Y+d",
    "_name": "",
    "_objFlags": 0,
    "node": {
      "__id__": 5
    },
    "_enabled": true,
    "rigidBody": null
  },
  {
    "__type__": "cc.PrefabInfo",
    "root": {
      "__id__": 5
    },
    "asset": {
      "__uuid__": "b7262aae-5e8a-41f9-9154-fce1f08bc5d7"
    },
    "fileId": "a5EOmzvd1CspQ1NfV7GhxJ",
    "sync": false
  },
  {
    "__type__": "cc.Node",
    "_name": "ground",
    "_objFlags": 0,
    "_parent": {
      "__id__": 2
    },
    "_children": [],
    "_tag": -1,
    "_active": true,
    "_components": [
      {
        "__id__": 12
      },
      {
        "__id__": 13
      },
      {
        "__id__": 14
      },
      {
        "__id__": 15
      }
    ],
    "_prefab": null,
    "_id": "93mJXRWRtM4LfspTT5ayDk",
    "_opacity": 255,
    "_color": {
      "__type__": "cc.Color",
      "r": 255,
      "g": 255,
      "b": 255,
      "a": 255
    },
    "_cascadeOpacityEnabled": true,
    "_anchorPoint": {
      "__type__": "cc.Vec2",
      "x": 0.5,
      "y": 0.5
    },
    "_contentSize": {
      "__type__": "cc.Size",
      "width": 500,
      "height": 145
    },
    "_rotationX": 0,
    "_rotationY": 0,
    "_scaleX": 1,
    "_scaleY": 1,
    "_position": {
      "__type__": "cc.Vec2",
      "x": 0,
      "y": -327.5
    },
    "_skewX": 0,
    "_skewY": 0,
    "_localZOrder": 0,
    "_globalZOrder": 0,
    "_opacityModifyRGB": false,
    "groupIndex": 0
  },
  {
    "__type__": "cc.Sprite",
    "_name": "",
    "_objFlags": 0,
    "node": {
      "__id__": 11
    },
    "_enabled": true,
    "_spriteFrame": {
      "__uuid__": "6b469b79-fe34-4b3b-b164-4ae0ae69f911"
    },
    "_type": 0,
    "_sizeMode": 0,
    "_fillType": 0,
    "_fillCenter": {
      "__type__": "cc.Vec2",
      "x": 0,
      "y": 0
    },
    "_fillStart": 0,
    "_fillRange": 0,
    "_isTrimmedMode": true,
    "_srcBlendFactor": 770,
    "_dstBlendFactor": 771,
    "_atlas": null
  },
  {
    "__type__": "cc.RigidBody",
    "_name": "",
    "_objFlags": 0,
    "node": {
      "__id__": 11
    },
    "_enabled": true,
    "_type": 0,
    "_allowSleep": true,
    "_gravityScale": 1,
    "_linearDamping": 0,
    "_angularDamping": 0,
    "_linearVelocity": {
      "__type__": "cc.Vec2",
      "x": 0,
      "y": 0
    },
    "_angularVelocity": 0,
    "_fixedRotation": false,
    "enabledContactListener": false,
    "bullet": false
  },
  {
    "__type__": "cc.PhysicsChainCollider",
    "_name": "",
    "_objFlags": 0,
    "node": {
      "__id__": 11
    },
    "_enabled": true,
    "tag": 0,
    "_density": 1,
    "_sensor": false,
    "_friction": 0.2,
    "_restitution": 0,
    "body": null,
    "loop": false,
    "points": [
      {
        "__type__": "cc.Vec2",
        "x": -250,
        "y": 72.5
      },
      {
        "__type__": "cc.Vec2",
        "x": -250,
        "y": -72.5
      },
      {
        "__type__": "cc.Vec2",
        "x": 250,
        "y": -72.5
      },
      {
        "__type__": "cc.Vec2",
        "x": 250,
        "y": 72.5
      },
      {
        "__type__": "cc.Vec2",
        "x": 237.5,
        "y": 66.5
      },
      {
        "__type__": "cc.Vec2",
        "x": 234.72222222222223,
        "y": 66.5
      },
      {
        "__type__": "cc.Vec2",
        "x": 228.47222222222223,
        "y": 62.5
      },
      {
        "__type__": "cc.Vec2",
        "x": 225.6944444444444,
        "y": 62.5
      },
      {
        "__type__": "cc.Vec2",
        "x": 221.52777777777777,
        "y": 59.5
      },
      {
        "__type__": "cc.Vec2",
        "x": 218.75,
        "y": 59.5
      },
      {
        "__type__": "cc.Vec2",
        "x": 216.66666666666663,
        "y": 57.5
      },
      {
        "__type__": "cc.Vec2",
        "x": 213.88888888888886,
        "y": 57.5
      },
      {
        "__type__": "cc.Vec2",
        "x": 211.80555555555554,
        "y": 55.5
      },
      {
        "__type__": "cc.Vec2",
        "x": 209.02777777777777,
        "y": 55.5
      },
      {
        "__type__": "cc.Vec2",
        "x": 206.9444444444444,
        "y": 53.5
      },
      {
        "__type__": "cc.Vec2",
        "x": 198.6111111111111,
        "y": 51.5
      },
      {
        "__type__": "cc.Vec2",
        "x": 196.52777777777777,
        "y": 49.5
      },
      {
        "__type__": "cc.Vec2",
        "x": 185.41666666666663,
        "y": 45.5
      },
      {
        "__type__": "cc.Vec2",
        "x": 122.91666666666663,
        "y": 27.5
      },
      {
        "__type__": "cc.Vec2",
        "x": 65.97222222222223,
        "y": 17.5
      },
      {
        "__type__": "cc.Vec2",
        "x": 2.0833333333333144,
        "y": 13.5
      },
      {
        "__type__": "cc.Vec2",
        "x": -32.638888888888886,
        "y": 14.5
      },
      {
        "__type__": "cc.Vec2",
        "x": -65.97222222222223,
        "y": 17.5
      },
      {
        "__type__": "cc.Vec2",
        "x": -122.91666666666667,
        "y": 27.5
      },
      {
        "__type__": "cc.Vec2",
        "x": -185.41666666666669,
        "y": 45.5
      },
      {
        "__type__": "cc.Vec2",
        "x": -196.52777777777777,
        "y": 49.5
      },
      {
        "__type__": "cc.Vec2",
        "x": -198.61111111111111,
        "y": 51.5
      },
      {
        "__type__": "cc.Vec2",
        "x": -206.94444444444446,
        "y": 53.5
      },
      {
        "__type__": "cc.Vec2",
        "x": -209.02777777777777,
        "y": 55.5
      },
      {
        "__type__": "cc.Vec2",
        "x": -211.80555555555554,
        "y": 55.5
      },
      {
        "__type__": "cc.Vec2",
        "x": -213.88888888888889,
        "y": 57.5
      },
      {
        "__type__": "cc.Vec2",
        "x": -216.66666666666669,
        "y": 57.5
      },
      {
        "__type__": "cc.Vec2",
        "x": -218.75,
        "y": 59.5
      },
      {
        "__type__": "cc.Vec2",
        "x": -221.52777777777777,
        "y": 59.5
      },
      {
        "__type__": "cc.Vec2",
        "x": -225.69444444444446,
        "y": 62.5
      },
      {
        "__type__": "cc.Vec2",
        "x": -228.47222222222223,
        "y": 62.5
      },
      {
        "__type__": "cc.Vec2",
        "x": -234.72222222222223,
        "y": 66.5
      },
      {
        "__type__": "cc.Vec2",
        "x": -237.5,
        "y": 66.5
      }
    ]
  },
  {
    "__type__": "cc.Widget",
    "_name": "",
    "_objFlags": 0,
    "node": {
      "__id__": 11
    },
    "_enabled": true,
    "alignMode": 1,
    "_target": null,
    "_alignFlags": 44,
    "_left": 0,
    "_right": 0,
    "_top": 247.5,
    "_bottom": 0,
    "_verticalCenter": 0,
    "_horizontalCenter": 0,
    "_isAbsLeft": true,
    "_isAbsRight": true,
    "_isAbsTop": true,
    "_isAbsBottom": true,
    "_isAbsHorizontalCenter": true,
    "_isAbsVerticalCenter": true,
    "_originalWidth": 750,
    "_originalHeight": 145
  },
  {
    "__type__": "cc.Node",
    "_name": "lefttopwall",
    "_objFlags": 0,
    "_parent": {
      "__id__": 2
    },
    "_children": [],
    "_tag": -1,
    "_active": true,
    "_components": [
      {
        "__id__": 17
      },
      {
        "__id__": 18
      },
      {
        "__id__": 19
      }
    ],
    "_prefab": null,
    "_id": "abDPTaSRtFw500WETC1dU4",
    "_opacity": 255,
    "_color": {
      "__type__": "cc.Color",
      "r": 255,
      "g": 255,
      "b": 255,
      "a": 255
    },
    "_cascadeOpacityEnabled": true,
    "_anchorPoint": {
      "__type__": "cc.Vec2",
      "x": 0.5,
      "y": 0.5
    },
    "_contentSize": {
      "__type__": "cc.Size",
      "width": 200,
      "height": 80
    },
    "_rotationX": 0,
    "_rotationY": 0,
    "_scaleX": 1,
    "_scaleY": 1,
    "_position": {
      "__type__": "cc.Vec2",
      "x": -106,
      "y": 299
    },
    "_skewX": 0,
    "_skewY": 0,
    "_localZOrder": 0,
    "_globalZOrder": 0,
    "_opacityModifyRGB": false,
    "groupIndex": 0
  },
  {
    "__type__": "cc.Sprite",
    "_name": "",
    "_objFlags": 0,
    "node": {
      "__id__": 16
    },
    "_enabled": true,
    "_spriteFrame": {
      "__uuid__": "e35fd77d-5cc3-4a35-842f-18b20ef27f99"
    },
    "_type": 0,
    "_sizeMode": 0,
    "_fillType": 0,
    "_fillCenter": {
      "__type__": "cc.Vec2",
      "x": 0,
      "y": 0
    },
    "_fillStart": 0,
    "_fillRange": 0,
    "_isTrimmedMode": true,
    "_srcBlendFactor": 770,
    "_dstBlendFactor": 771,
    "_atlas": null
  },
  {
    "__type__": "cc.RigidBody",
    "_name": "",
    "_objFlags": 0,
    "node": {
      "__id__": 16
    },
    "_enabled": true,
    "_type": 0,
    "_allowSleep": true,
    "_gravityScale": 1,
    "_linearDamping": 0,
    "_angularDamping": 0,
    "_linearVelocity": {
      "__type__": "cc.Vec2",
      "x": 0,
      "y": 0
    },
    "_angularVelocity": 0,
    "_fixedRotation": false,
    "enabledContactListener": true,
    "bullet": false
  },
  {
    "__type__": "cc.PhysicsChainCollider",
    "_name": "",
    "_objFlags": 0,
    "node": {
      "__id__": 16
    },
    "_enabled": true,
    "tag": 0,
    "_density": 1,
    "_sensor": false,
    "_friction": 0.2,
    "_restitution": 0,
    "body": null,
    "loop": false,
    "points": [
      {
        "__type__": "cc.Vec2",
        "x": -75.01374570446735,
        "y": 40
      },
      {
        "__type__": "cc.Vec2",
        "x": -75.58419243986255,
        "y": 38.75
      },
      {
        "__type__": "cc.Vec2",
        "x": -77.8659793814433,
        "y": 38.75
      },
      {
        "__type__": "cc.Vec2",
        "x": -77.8659793814433,
        "y": 37.5
      },
      {
        "__type__": "cc.Vec2",
        "x": -79.57731958762886,
        "y": 37.5
      },
      {
        "__type__": "cc.Vec2",
        "x": -79.57731958762886,
        "y": 36.25
      },
      {
        "__type__": "cc.Vec2",
        "x": -81.28865979381443,
        "y": 35
      },
      {
        "__type__": "cc.Vec2",
        "x": -81.28865979381443,
        "y": 33.125
      },
      {
        "__type__": "cc.Vec2",
        "x": -83,
        "y": 32.5
      },
      {
        "__type__": "cc.Vec2",
        "x": -83,
        "y": -40
      },
      {
        "__type__": "cc.Vec2",
        "x": -73.87285223367698,
        "y": -40
      },
      {
        "__type__": "cc.Vec2",
        "x": -73.87285223367698,
        "y": -38.75
      },
      {
        "__type__": "cc.Vec2",
        "x": -72.73195876288659,
        "y": -38.75
      },
      {
        "__type__": "cc.Vec2",
        "x": -73.87285223367698,
        "y": -36.25
      },
      {
        "__type__": "cc.Vec2",
        "x": -77.8659793814433,
        "y": -36.25
      },
      {
        "__type__": "cc.Vec2",
        "x": -77.8659793814433,
        "y": 29.375
      },
      {
        "__type__": "cc.Vec2",
        "x": -74.44329896907216,
        "y": 33.75
      },
      {
        "__type__": "cc.Vec2",
        "x": -72.16151202749141,
        "y": 33.75
      },
      {
        "__type__": "cc.Vec2",
        "x": -72.16151202749141,
        "y": 32.5
      },
      {
        "__type__": "cc.Vec2",
        "x": -69.87972508591065,
        "y": 33.125
      },
      {
        "__type__": "cc.Vec2",
        "x": -69.30927835051547,
        "y": 31.25
      },
      {
        "__type__": "cc.Vec2",
        "x": -67.5979381443299,
        "y": 31.875
      },
      {
        "__type__": "cc.Vec2",
        "x": -66.45704467353951,
        "y": 31.25
      },
      {
        "__type__": "cc.Vec2",
        "x": -66.45704467353951,
        "y": 30
      },
      {
        "__type__": "cc.Vec2",
        "x": -64.17525773195877,
        "y": 30.625
      },
      {
        "__type__": "cc.Vec2",
        "x": -63.60481099656357,
        "y": 28.75
      },
      {
        "__type__": "cc.Vec2",
        "x": -61.893470790378004,
        "y": 29.375
      },
      {
        "__type__": "cc.Vec2",
        "x": -60.75257731958763,
        "y": 28.75
      },
      {
        "__type__": "cc.Vec2",
        "x": -60.75257731958763,
        "y": 27.5
      },
      {
        "__type__": "cc.Vec2",
        "x": -58.470790378006875,
        "y": 28.125
      },
      {
        "__type__": "cc.Vec2",
        "x": -57.90034364261169,
        "y": 26.25
      },
      {
        "__type__": "cc.Vec2",
        "x": -56.18900343642612,
        "y": 26.875
      },
      {
        "__type__": "cc.Vec2",
        "x": -55.04810996563574,
        "y": 26.25
      },
      {
        "__type__": "cc.Vec2",
        "x": -55.04810996563574,
        "y": 25
      },
      {
        "__type__": "cc.Vec2",
        "x": -52.766323024054984,
        "y": 25.625
      },
      {
        "__type__": "cc.Vec2",
        "x": -52.1958762886598,
        "y": 23.75
      },
      {
        "__type__": "cc.Vec2",
        "x": -50.48453608247423,
        "y": 24.375
      },
      {
        "__type__": "cc.Vec2",
        "x": -49.34364261168385,
        "y": 23.75
      },
      {
        "__type__": "cc.Vec2",
        "x": -49.34364261168385,
        "y": 22.5
      },
      {
        "__type__": "cc.Vec2",
        "x": -47.06185567010309,
        "y": 23.125
      },
      {
        "__type__": "cc.Vec2",
        "x": -46.491408934707906,
        "y": 21.25
      },
      {
        "__type__": "cc.Vec2",
        "x": -44.78006872852234,
        "y": 21.875
      },
      {
        "__type__": "cc.Vec2",
        "x": -43.639175257731964,
        "y": 21.25
      },
      {
        "__type__": "cc.Vec2",
        "x": -43.639175257731964,
        "y": 20
      },
      {
        "__type__": "cc.Vec2",
        "x": -41.3573883161512,
        "y": 20.625
      },
      {
        "__type__": "cc.Vec2",
        "x": -40.786941580756015,
        "y": 18.75
      },
      {
        "__type__": "cc.Vec2",
        "x": -39.07560137457045,
        "y": 19.375
      },
      {
        "__type__": "cc.Vec2",
        "x": -37.93470790378007,
        "y": 18.75
      },
      {
        "__type__": "cc.Vec2",
        "x": -37.93470790378007,
        "y": 17.5
      },
      {
        "__type__": "cc.Vec2",
        "x": -35.65292096219932,
        "y": 18.125
      },
      {
        "__type__": "cc.Vec2",
        "x": -35.08247422680412,
        "y": 16.25
      },
      {
        "__type__": "cc.Vec2",
        "x": -33.37113402061856,
        "y": 16.875
      },
      {
        "__type__": "cc.Vec2",
        "x": -32.23024054982818,
        "y": 16.25
      },
      {
        "__type__": "cc.Vec2",
        "x": -32.23024054982818,
        "y": 15
      },
      {
        "__type__": "cc.Vec2",
        "x": -29.948453608247426,
        "y": 15.625
      },
      {
        "__type__": "cc.Vec2",
        "x": -29.37800687285224,
        "y": 13.75
      },
      {
        "__type__": "cc.Vec2",
        "x": -27.66666666666667,
        "y": 14.375
      },
      {
        "__type__": "cc.Vec2",
        "x": -26.52577319587629,
        "y": 13.75
      },
      {
        "__type__": "cc.Vec2",
        "x": -26.52577319587629,
        "y": 12.5
      },
      {
        "__type__": "cc.Vec2",
        "x": -24.243986254295535,
        "y": 13.125
      },
      {
        "__type__": "cc.Vec2",
        "x": -23.67353951890035,
        "y": 11.25
      },
      {
        "__type__": "cc.Vec2",
        "x": -21.96219931271478,
        "y": 11.875
      },
      {
        "__type__": "cc.Vec2",
        "x": -20.8213058419244,
        "y": 11.25
      },
      {
        "__type__": "cc.Vec2",
        "x": -20.8213058419244,
        "y": 10
      },
      {
        "__type__": "cc.Vec2",
        "x": -18.53951890034365,
        "y": 10.625
      },
      {
        "__type__": "cc.Vec2",
        "x": -17.969072164948457,
        "y": 8.75
      },
      {
        "__type__": "cc.Vec2",
        "x": -16.25773195876289,
        "y": 9.375
      },
      {
        "__type__": "cc.Vec2",
        "x": -15.116838487972515,
        "y": 8.75
      },
      {
        "__type__": "cc.Vec2",
        "x": -15.116838487972515,
        "y": 7.5
      },
      {
        "__type__": "cc.Vec2",
        "x": -12.835051546391753,
        "y": 8.125
      },
      {
        "__type__": "cc.Vec2",
        "x": -12.264604810996573,
        "y": 6.25
      },
      {
        "__type__": "cc.Vec2",
        "x": -10.553264604811005,
        "y": 6.875
      },
      {
        "__type__": "cc.Vec2",
        "x": -9.412371134020617,
        "y": 6.25
      },
      {
        "__type__": "cc.Vec2",
        "x": -9.412371134020617,
        "y": 5
      },
      {
        "__type__": "cc.Vec2",
        "x": -7.130584192439869,
        "y": 5.625
      },
      {
        "__type__": "cc.Vec2",
        "x": -7.701030927835049,
        "y": 4.375
      },
      {
        "__type__": "cc.Vec2",
        "x": -4.848797250859107,
        "y": 4.375
      },
      {
        "__type__": "cc.Vec2",
        "x": -3.707903780068733,
        "y": 3.75
      },
      {
        "__type__": "cc.Vec2",
        "x": -3.707903780068733,
        "y": 2.5
      },
      {
        "__type__": "cc.Vec2",
        "x": -1.426116838487971,
        "y": 3.125
      },
      {
        "__type__": "cc.Vec2",
        "x": -1.996563573883165,
        "y": 1.875
      },
      {
        "__type__": "cc.Vec2",
        "x": 0.8556701030927769,
        "y": 1.875
      },
      {
        "__type__": "cc.Vec2",
        "x": 1.9965635738831509,
        "y": 1.25
      },
      {
        "__type__": "cc.Vec2",
        "x": 1.9965635738831509,
        "y": 0
      },
      {
        "__type__": "cc.Vec2",
        "x": 4.278350515463913,
        "y": 0.625
      },
      {
        "__type__": "cc.Vec2",
        "x": 3.707903780068719,
        "y": -0.625
      },
      {
        "__type__": "cc.Vec2",
        "x": 6.560137457044675,
        "y": -0.625
      },
      {
        "__type__": "cc.Vec2",
        "x": 7.701030927835049,
        "y": -1.25
      },
      {
        "__type__": "cc.Vec2",
        "x": 7.701030927835049,
        "y": -2.5
      },
      {
        "__type__": "cc.Vec2",
        "x": 9.982817869415797,
        "y": -1.875
      },
      {
        "__type__": "cc.Vec2",
        "x": 9.412371134020617,
        "y": -3.125
      },
      {
        "__type__": "cc.Vec2",
        "x": 12.264604810996559,
        "y": -3.125
      },
      {
        "__type__": "cc.Vec2",
        "x": 13.405498281786933,
        "y": -3.75
      },
      {
        "__type__": "cc.Vec2",
        "x": 13.405498281786933,
        "y": -5
      },
      {
        "__type__": "cc.Vec2",
        "x": 15.687285223367695,
        "y": -4.375
      },
      {
        "__type__": "cc.Vec2",
        "x": 15.116838487972501,
        "y": -5.625
      },
      {
        "__type__": "cc.Vec2",
        "x": 17.969072164948443,
        "y": -5.625
      },
      {
        "__type__": "cc.Vec2",
        "x": 19.10996563573883,
        "y": -6.25
      },
      {
        "__type__": "cc.Vec2",
        "x": 19.10996563573883,
        "y": -7.5
      },
      {
        "__type__": "cc.Vec2",
        "x": 21.39175257731958,
        "y": -6.875
      },
      {
        "__type__": "cc.Vec2",
        "x": 20.8213058419244,
        "y": -8.125
      },
      {
        "__type__": "cc.Vec2",
        "x": 23.67353951890034,
        "y": -8.125
      },
      {
        "__type__": "cc.Vec2",
        "x": 24.814432989690715,
        "y": -8.75
      },
      {
        "__type__": "cc.Vec2",
        "x": 24.814432989690715,
        "y": -10
      },
      {
        "__type__": "cc.Vec2",
        "x": 27.096219931271477,
        "y": -9.375
      },
      {
        "__type__": "cc.Vec2",
        "x": 26.525773195876283,
        "y": -10.625
      },
      {
        "__type__": "cc.Vec2",
        "x": 29.378006872852225,
        "y": -10.625
      },
      {
        "__type__": "cc.Vec2",
        "x": 30.5189003436426,
        "y": -11.25
      },
      {
        "__type__": "cc.Vec2",
        "x": 30.5189003436426,
        "y": -12.5
      },
      {
        "__type__": "cc.Vec2",
        "x": 32.80068728522336,
        "y": -11.875
      },
      {
        "__type__": "cc.Vec2",
        "x": 32.23024054982817,
        "y": -13.125
      },
      {
        "__type__": "cc.Vec2",
        "x": 35.08247422680412,
        "y": -13.125
      },
      {
        "__type__": "cc.Vec2",
        "x": 36.2233676975945,
        "y": -13.75
      },
      {
        "__type__": "cc.Vec2",
        "x": 36.2233676975945,
        "y": -15
      },
      {
        "__type__": "cc.Vec2",
        "x": 38.505154639175245,
        "y": -14.375
      },
      {
        "__type__": "cc.Vec2",
        "x": 37.934707903780065,
        "y": -15.625
      },
      {
        "__type__": "cc.Vec2",
        "x": 40.78694158075601,
        "y": -15.625
      },
      {
        "__type__": "cc.Vec2",
        "x": 41.92783505154638,
        "y": -16.25
      },
      {
        "__type__": "cc.Vec2",
        "x": 41.92783505154638,
        "y": -17.5
      },
      {
        "__type__": "cc.Vec2",
        "x": 44.20962199312714,
        "y": -16.875
      },
      {
        "__type__": "cc.Vec2",
        "x": 43.63917525773195,
        "y": -18.125
      },
      {
        "__type__": "cc.Vec2",
        "x": 46.49140893470789,
        "y": -18.125
      },
      {
        "__type__": "cc.Vec2",
        "x": 47.63230240549828,
        "y": -18.75
      },
      {
        "__type__": "cc.Vec2",
        "x": 47.63230240549828,
        "y": -20
      },
      {
        "__type__": "cc.Vec2",
        "x": 49.91408934707903,
        "y": -19.375
      },
      {
        "__type__": "cc.Vec2",
        "x": 49.34364261168383,
        "y": -20.625
      },
      {
        "__type__": "cc.Vec2",
        "x": 52.195876288659775,
        "y": -20.625
      },
      {
        "__type__": "cc.Vec2",
        "x": 53.33676975945016,
        "y": -21.25
      },
      {
        "__type__": "cc.Vec2",
        "x": 53.33676975945016,
        "y": -22.5
      },
      {
        "__type__": "cc.Vec2",
        "x": 55.61855670103091,
        "y": -21.875
      },
      {
        "__type__": "cc.Vec2",
        "x": 55.048109965635746,
        "y": -23.125
      },
      {
        "__type__": "cc.Vec2",
        "x": 57.90034364261169,
        "y": -23.125
      },
      {
        "__type__": "cc.Vec2",
        "x": 59.04123711340205,
        "y": -23.75
      },
      {
        "__type__": "cc.Vec2",
        "x": 59.04123711340205,
        "y": -25
      },
      {
        "__type__": "cc.Vec2",
        "x": 61.323024054982824,
        "y": -24.375
      },
      {
        "__type__": "cc.Vec2",
        "x": 60.75257731958763,
        "y": -25.625
      },
      {
        "__type__": "cc.Vec2",
        "x": 63.60481099656357,
        "y": -25.625
      },
      {
        "__type__": "cc.Vec2",
        "x": 64.74570446735393,
        "y": -26.25
      },
      {
        "__type__": "cc.Vec2",
        "x": 64.74570446735393,
        "y": -27.5
      },
      {
        "__type__": "cc.Vec2",
        "x": 67.02749140893471,
        "y": -26.875
      },
      {
        "__type__": "cc.Vec2",
        "x": 66.45704467353951,
        "y": -28.125
      },
      {
        "__type__": "cc.Vec2",
        "x": 69.30927835051546,
        "y": -28.125
      },
      {
        "__type__": "cc.Vec2",
        "x": 70.45017182130584,
        "y": -28.75
      },
      {
        "__type__": "cc.Vec2",
        "x": 70.45017182130584,
        "y": -30
      },
      {
        "__type__": "cc.Vec2",
        "x": 72.73195876288659,
        "y": -29.375
      },
      {
        "__type__": "cc.Vec2",
        "x": 73.30240549828179,
        "y": -30.625
      },
      {
        "__type__": "cc.Vec2",
        "x": 75.01374570446734,
        "y": -30.625
      },
      {
        "__type__": "cc.Vec2",
        "x": 76.15463917525773,
        "y": -31.875
      },
      {
        "__type__": "cc.Vec2",
        "x": 77.29553264604812,
        "y": -36.25
      },
      {
        "__type__": "cc.Vec2",
        "x": 70.45017182130584,
        "y": -36.25
      },
      {
        "__type__": "cc.Vec2",
        "x": 70.45017182130584,
        "y": -40
      },
      {
        "__type__": "cc.Vec2",
        "x": 77.29553264604812,
        "y": -40
      },
      {
        "__type__": "cc.Vec2",
        "x": 77.29553264604812,
        "y": -38.75
      },
      {
        "__type__": "cc.Vec2",
        "x": 79.00687285223367,
        "y": -40
      },
      {
        "__type__": "cc.Vec2",
        "x": 81.85910652920961,
        "y": -38.75
      },
      {
        "__type__": "cc.Vec2",
        "x": 81.85910652920961,
        "y": -30.625
      },
      {
        "__type__": "cc.Vec2",
        "x": 80.71821305841922,
        "y": -30.625
      },
      {
        "__type__": "cc.Vec2",
        "x": 80.14776632302406,
        "y": -27.5
      },
      {
        "__type__": "cc.Vec2",
        "x": 79.00687285223367,
        "y": -27.5
      },
      {
        "__type__": "cc.Vec2",
        "x": 79.00687285223367,
        "y": -26.25
      },
      {
        "__type__": "cc.Vec2",
        "x": 77.29553264604812,
        "y": -26.875
      },
      {
        "__type__": "cc.Vec2",
        "x": 76.72508591065292,
        "y": -25
      },
      {
        "__type__": "cc.Vec2",
        "x": 75.01374570446734,
        "y": -25.625
      },
      {
        "__type__": "cc.Vec2",
        "x": 73.87285223367698,
        "y": -25
      },
      {
        "__type__": "cc.Vec2",
        "x": 73.87285223367698,
        "y": -23.75
      },
      {
        "__type__": "cc.Vec2",
        "x": 72.1615120274914,
        "y": -24.375
      },
      {
        "__type__": "cc.Vec2",
        "x": 71.02061855670101,
        "y": -22.5
      },
      {
        "__type__": "cc.Vec2",
        "x": 69.30927835051546,
        "y": -23.125
      },
      {
        "__type__": "cc.Vec2",
        "x": 68.16838487972507,
        "y": -22.5
      },
      {
        "__type__": "cc.Vec2",
        "x": 68.16838487972507,
        "y": -21.25
      },
      {
        "__type__": "cc.Vec2",
        "x": 66.45704467353951,
        "y": -21.875
      },
      {
        "__type__": "cc.Vec2",
        "x": 65.31615120274913,
        "y": -20
      },
      {
        "__type__": "cc.Vec2",
        "x": 63.60481099656357,
        "y": -20.625
      },
      {
        "__type__": "cc.Vec2",
        "x": 62.463917525773184,
        "y": -20
      },
      {
        "__type__": "cc.Vec2",
        "x": 62.463917525773184,
        "y": -18.75
      },
      {
        "__type__": "cc.Vec2",
        "x": 60.75257731958763,
        "y": -19.375
      },
      {
        "__type__": "cc.Vec2",
        "x": 59.61168384879724,
        "y": -17.5
      },
      {
        "__type__": "cc.Vec2",
        "x": 57.90034364261169,
        "y": -18.125
      },
      {
        "__type__": "cc.Vec2",
        "x": 56.7594501718213,
        "y": -17.5
      },
      {
        "__type__": "cc.Vec2",
        "x": 56.7594501718213,
        "y": -16.25
      },
      {
        "__type__": "cc.Vec2",
        "x": 55.048109965635746,
        "y": -16.875
      },
      {
        "__type__": "cc.Vec2",
        "x": 53.90721649484536,
        "y": -15
      },
      {
        "__type__": "cc.Vec2",
        "x": 52.195876288659775,
        "y": -15.625
      },
      {
        "__type__": "cc.Vec2",
        "x": 51.054982817869416,
        "y": -15
      },
      {
        "__type__": "cc.Vec2",
        "x": 51.054982817869416,
        "y": -13.75
      },
      {
        "__type__": "cc.Vec2",
        "x": 49.34364261168383,
        "y": -14.375
      },
      {
        "__type__": "cc.Vec2",
        "x": 48.202749140893474,
        "y": -12.5
      },
      {
        "__type__": "cc.Vec2",
        "x": 46.49140893470789,
        "y": -13.125
      },
      {
        "__type__": "cc.Vec2",
        "x": 45.35051546391753,
        "y": -12.5
      },
      {
        "__type__": "cc.Vec2",
        "x": 45.35051546391753,
        "y": -11.25
      },
      {
        "__type__": "cc.Vec2",
        "x": 43.63917525773195,
        "y": -11.875
      },
      {
        "__type__": "cc.Vec2",
        "x": 42.498281786941575,
        "y": -10
      },
      {
        "__type__": "cc.Vec2",
        "x": 40.78694158075601,
        "y": -10.625
      },
      {
        "__type__": "cc.Vec2",
        "x": 39.64604810996563,
        "y": -10
      },
      {
        "__type__": "cc.Vec2",
        "x": 39.64604810996563,
        "y": -8.75
      },
      {
        "__type__": "cc.Vec2",
        "x": 37.934707903780065,
        "y": -9.375
      },
      {
        "__type__": "cc.Vec2",
        "x": 36.79381443298969,
        "y": -7.5
      },
      {
        "__type__": "cc.Vec2",
        "x": 35.08247422680412,
        "y": -8.125
      },
      {
        "__type__": "cc.Vec2",
        "x": 33.941580756013735,
        "y": -7.5
      },
      {
        "__type__": "cc.Vec2",
        "x": 33.941580756013735,
        "y": -6.25
      },
      {
        "__type__": "cc.Vec2",
        "x": 32.23024054982817,
        "y": -6.875
      },
      {
        "__type__": "cc.Vec2",
        "x": 31.089347079037793,
        "y": -5
      },
      {
        "__type__": "cc.Vec2",
        "x": 29.378006872852225,
        "y": -5.625
      },
      {
        "__type__": "cc.Vec2",
        "x": 28.23711340206185,
        "y": -5
      },
      {
        "__type__": "cc.Vec2",
        "x": 28.23711340206185,
        "y": -3.75
      },
      {
        "__type__": "cc.Vec2",
        "x": 26.525773195876283,
        "y": -4.375
      },
      {
        "__type__": "cc.Vec2",
        "x": 25.38487972508591,
        "y": -2.5
      },
      {
        "__type__": "cc.Vec2",
        "x": 23.67353951890034,
        "y": -3.125
      },
      {
        "__type__": "cc.Vec2",
        "x": 22.532646048109967,
        "y": -2.5
      },
      {
        "__type__": "cc.Vec2",
        "x": 22.532646048109967,
        "y": -1.25
      },
      {
        "__type__": "cc.Vec2",
        "x": 20.8213058419244,
        "y": -1.875
      },
      {
        "__type__": "cc.Vec2",
        "x": 19.68041237113401,
        "y": 0
      },
      {
        "__type__": "cc.Vec2",
        "x": 17.969072164948443,
        "y": -0.625
      },
      {
        "__type__": "cc.Vec2",
        "x": 16.82817869415807,
        "y": 0
      },
      {
        "__type__": "cc.Vec2",
        "x": 16.82817869415807,
        "y": 1.25
      },
      {
        "__type__": "cc.Vec2",
        "x": 15.116838487972501,
        "y": 0.625
      },
      {
        "__type__": "cc.Vec2",
        "x": 13.975945017182127,
        "y": 2.5
      },
      {
        "__type__": "cc.Vec2",
        "x": 12.264604810996559,
        "y": 1.875
      },
      {
        "__type__": "cc.Vec2",
        "x": 11.123711340206185,
        "y": 2.5
      },
      {
        "__type__": "cc.Vec2",
        "x": 11.123711340206185,
        "y": 3.75
      },
      {
        "__type__": "cc.Vec2",
        "x": 9.412371134020617,
        "y": 3.125
      },
      {
        "__type__": "cc.Vec2",
        "x": 8.271477663230229,
        "y": 5
      },
      {
        "__type__": "cc.Vec2",
        "x": 6.560137457044675,
        "y": 4.375
      },
      {
        "__type__": "cc.Vec2",
        "x": 5.419243986254287,
        "y": 5
      },
      {
        "__type__": "cc.Vec2",
        "x": 5.419243986254287,
        "y": 6.25
      },
      {
        "__type__": "cc.Vec2",
        "x": 3.707903780068719,
        "y": 5.625
      },
      {
        "__type__": "cc.Vec2",
        "x": 2.567010309278345,
        "y": 7.5
      },
      {
        "__type__": "cc.Vec2",
        "x": 0.8556701030927769,
        "y": 6.875
      },
      {
        "__type__": "cc.Vec2",
        "x": -0.28522336769759704,
        "y": 7.5
      },
      {
        "__type__": "cc.Vec2",
        "x": -0.28522336769759704,
        "y": 8.75
      },
      {
        "__type__": "cc.Vec2",
        "x": -1.996563573883165,
        "y": 8.125
      },
      {
        "__type__": "cc.Vec2",
        "x": -3.137457044673539,
        "y": 10
      },
      {
        "__type__": "cc.Vec2",
        "x": -4.848797250859107,
        "y": 9.375
      },
      {
        "__type__": "cc.Vec2",
        "x": -5.989690721649495,
        "y": 10
      },
      {
        "__type__": "cc.Vec2",
        "x": -5.989690721649495,
        "y": 11.25
      },
      {
        "__type__": "cc.Vec2",
        "x": -7.701030927835049,
        "y": 10.625
      },
      {
        "__type__": "cc.Vec2",
        "x": -8.841924398625437,
        "y": 12.5
      },
      {
        "__type__": "cc.Vec2",
        "x": -10.553264604811005,
        "y": 11.875
      },
      {
        "__type__": "cc.Vec2",
        "x": -11.69415807560138,
        "y": 13.75
      },
      {
        "__type__": "cc.Vec2",
        "x": -13.405498281786947,
        "y": 13.125
      },
      {
        "__type__": "cc.Vec2",
        "x": -14.546391752577321,
        "y": 15
      },
      {
        "__type__": "cc.Vec2",
        "x": -16.25773195876289,
        "y": 14.375
      },
      {
        "__type__": "cc.Vec2",
        "x": -17.398625429553263,
        "y": 16.25
      },
      {
        "__type__": "cc.Vec2",
        "x": -19.10996563573883,
        "y": 15.625
      },
      {
        "__type__": "cc.Vec2",
        "x": -20.250859106529212,
        "y": 17.5
      },
      {
        "__type__": "cc.Vec2",
        "x": -21.96219931271478,
        "y": 16.875
      },
      {
        "__type__": "cc.Vec2",
        "x": -23.103092783505154,
        "y": 18.75
      },
      {
        "__type__": "cc.Vec2",
        "x": -24.814432989690722,
        "y": 18.125
      },
      {
        "__type__": "cc.Vec2",
        "x": -25.955326460481103,
        "y": 20
      },
      {
        "__type__": "cc.Vec2",
        "x": -27.66666666666667,
        "y": 19.375
      },
      {
        "__type__": "cc.Vec2",
        "x": -28.807560137457045,
        "y": 21.25
      },
      {
        "__type__": "cc.Vec2",
        "x": -30.518900343642613,
        "y": 20.625
      },
      {
        "__type__": "cc.Vec2",
        "x": -31.659793814432994,
        "y": 22.5
      },
      {
        "__type__": "cc.Vec2",
        "x": -33.37113402061856,
        "y": 21.875
      },
      {
        "__type__": "cc.Vec2",
        "x": -34.512027491408936,
        "y": 23.75
      },
      {
        "__type__": "cc.Vec2",
        "x": -36.223367697594504,
        "y": 23.125
      },
      {
        "__type__": "cc.Vec2",
        "x": -37.364261168384886,
        "y": 25
      },
      {
        "__type__": "cc.Vec2",
        "x": -39.07560137457045,
        "y": 24.375
      },
      {
        "__type__": "cc.Vec2",
        "x": -40.21649484536083,
        "y": 26.25
      },
      {
        "__type__": "cc.Vec2",
        "x": -41.927835051546396,
        "y": 25.625
      },
      {
        "__type__": "cc.Vec2",
        "x": -43.06872852233677,
        "y": 27.5
      },
      {
        "__type__": "cc.Vec2",
        "x": -44.78006872852234,
        "y": 26.875
      },
      {
        "__type__": "cc.Vec2",
        "x": -45.92096219931272,
        "y": 28.75
      },
      {
        "__type__": "cc.Vec2",
        "x": -47.63230240549829,
        "y": 28.125
      },
      {
        "__type__": "cc.Vec2",
        "x": -48.77319587628866,
        "y": 30
      },
      {
        "__type__": "cc.Vec2",
        "x": -50.48453608247423,
        "y": 29.375
      },
      {
        "__type__": "cc.Vec2",
        "x": -51.62542955326461,
        "y": 31.25
      },
      {
        "__type__": "cc.Vec2",
        "x": -53.33676975945018,
        "y": 30.625
      },
      {
        "__type__": "cc.Vec2",
        "x": -54.47766323024055,
        "y": 32.5
      },
      {
        "__type__": "cc.Vec2",
        "x": -56.18900343642612,
        "y": 31.875
      },
      {
        "__type__": "cc.Vec2",
        "x": -57.329896907216494,
        "y": 33.75
      },
      {
        "__type__": "cc.Vec2",
        "x": -59.04123711340206,
        "y": 33.125
      },
      {
        "__type__": "cc.Vec2",
        "x": -60.18213058419244,
        "y": 35
      },
      {
        "__type__": "cc.Vec2",
        "x": -61.893470790378004,
        "y": 34.375
      },
      {
        "__type__": "cc.Vec2",
        "x": -63.034364261168385,
        "y": 36.25
      },
      {
        "__type__": "cc.Vec2",
        "x": -64.74570446735396,
        "y": 35.625
      },
      {
        "__type__": "cc.Vec2",
        "x": -65.88659793814433,
        "y": 37.5
      },
      {
        "__type__": "cc.Vec2",
        "x": -67.5979381443299,
        "y": 36.875
      },
      {
        "__type__": "cc.Vec2",
        "x": -68.73883161512028,
        "y": 38.75
      },
      {
        "__type__": "cc.Vec2",
        "x": -70.45017182130584,
        "y": 38.125
      },
      {
        "__type__": "cc.Vec2",
        "x": -71.59106529209622,
        "y": 40
      }
    ]
  },
  {
    "__type__": "cc.Node",
    "_name": "leftwall",
    "_objFlags": 0,
    "_parent": {
      "__id__": 2
    },
    "_children": [],
    "_tag": -1,
    "_active": true,
    "_components": [
      {
        "__id__": 21
      },
      {
        "__id__": 22
      },
      {
        "__id__": 23
      }
    ],
    "_prefab": null,
    "_id": "39m9BR2tBJH54UZakZefOF",
    "_opacity": 255,
    "_color": {
      "__type__": "cc.Color",
      "r": 255,
      "g": 255,
      "b": 255,
      "a": 255
    },
    "_cascadeOpacityEnabled": true,
    "_anchorPoint": {
      "__type__": "cc.Vec2",
      "x": 0.5,
      "y": 0.5
    },
    "_contentSize": {
      "__type__": "cc.Size",
      "width": 7,
      "height": 560
    },
    "_rotationX": 0,
    "_rotationY": 0,
    "_scaleX": 1,
    "_scaleY": 1,
    "_position": {
      "__type__": "cc.Vec2",
      "x": -192,
      "y": 54
    },
    "_skewX": 0,
    "_skewY": 0,
    "_localZOrder": 0,
    "_globalZOrder": 0,
    "_opacityModifyRGB": false,
    "groupIndex": 0
  },
  {
    "__type__": "cc.Sprite",
    "_name": "",
    "_objFlags": 0,
    "node": {
      "__id__": 20
    },
    "_enabled": true,
    "_spriteFrame": {
      "__uuid__": "d2d19365-d68c-4ee7-a402-3fb9f0733bff"
    },
    "_type": 0,
    "_sizeMode": 0,
    "_fillType": 0,
    "_fillCenter": {
      "__type__": "cc.Vec2",
      "x": 0,
      "y": 0
    },
    "_fillStart": 0,
    "_fillRange": 0,
    "_isTrimmedMode": true,
    "_srcBlendFactor": 770,
    "_dstBlendFactor": 771,
    "_atlas": null
  },
  {
    "__type__": "cc.RigidBody",
    "_name": "",
    "_objFlags": 0,
    "node": {
      "__id__": 20
    },
    "_enabled": true,
    "_type": 0,
    "_allowSleep": true,
    "_gravityScale": 1,
    "_linearDamping": 0,
    "_angularDamping": 0,
    "_linearVelocity": {
      "__type__": "cc.Vec2",
      "x": 0,
      "y": 0
    },
    "_angularVelocity": 0,
    "_fixedRotation": false,
    "enabledContactListener": true,
    "bullet": false
  },
  {
    "__type__": "cc.PhysicsChainCollider",
    "_name": "",
    "_objFlags": 0,
    "node": {
      "__id__": 20
    },
    "_enabled": true,
    "tag": 0,
    "_density": 1,
    "_sensor": false,
    "_friction": 0.2,
    "_restitution": 0,
    "body": null,
    "loop": false,
    "points": [
      {
        "__type__": "cc.Vec2",
        "x": -3.5,
        "y": 280
      },
      {
        "__type__": "cc.Vec2",
        "x": -3.5,
        "y": -279.3736017897092
      },
      {
        "__type__": "cc.Vec2",
        "x": 3.5,
        "y": -280
      },
      {
        "__type__": "cc.Vec2",
        "x": 3.5,
        "y": 280
      }
    ]
  },
  {
    "__type__": "cc.Node",
    "_name": "righttopwall",
    "_objFlags": 0,
    "_parent": {
      "__id__": 2
    },
    "_children": [],
    "_tag": -1,
    "_active": true,
    "_components": [
      {
        "__id__": 25
      },
      {
        "__id__": 26
      },
      {
        "__id__": 27
      }
    ],
    "_prefab": null,
    "_id": "dfczLk+DhPzIbVEqw6wn4N",
    "_opacity": 255,
    "_color": {
      "__type__": "cc.Color",
      "r": 255,
      "g": 255,
      "b": 255,
      "a": 255
    },
    "_cascadeOpacityEnabled": true,
    "_anchorPoint": {
      "__type__": "cc.Vec2",
      "x": 0.5,
      "y": 0.5
    },
    "_contentSize": {
      "__type__": "cc.Size",
      "width": 200,
      "height": 80
    },
    "_rotationX": 0,
    "_rotationY": 0,
    "_scaleX": 1,
    "_scaleY": 1,
    "_position": {
      "__type__": "cc.Vec2",
      "x": 111,
      "y": 299
    },
    "_skewX": 0,
    "_skewY": 0,
    "_localZOrder": 0,
    "_globalZOrder": 0,
    "_opacityModifyRGB": false,
    "groupIndex": 0
  },
  {
    "__type__": "cc.Sprite",
    "_name": "",
    "_objFlags": 0,
    "node": {
      "__id__": 24
    },
    "_enabled": true,
    "_spriteFrame": {
      "__uuid__": "e4a17a04-7925-4616-8358-fc2b870253ad"
    },
    "_type": 0,
    "_sizeMode": 0,
    "_fillType": 0,
    "_fillCenter": {
      "__type__": "cc.Vec2",
      "x": 0,
      "y": 0
    },
    "_fillStart": 0,
    "_fillRange": 0,
    "_isTrimmedMode": true,
    "_srcBlendFactor": 770,
    "_dstBlendFactor": 771,
    "_atlas": null
  },
  {
    "__type__": "cc.RigidBody",
    "_name": "",
    "_objFlags": 0,
    "node": {
      "__id__": 24
    },
    "_enabled": true,
    "_type": 0,
    "_allowSleep": true,
    "_gravityScale": 1,
    "_linearDamping": 0,
    "_angularDamping": 0,
    "_linearVelocity": {
      "__type__": "cc.Vec2",
      "x": 0,
      "y": 0
    },
    "_angularVelocity": 0,
    "_fixedRotation": false,
    "enabledContactListener": true,
    "bullet": false
  },
  {
    "__type__": "cc.PhysicsChainCollider",
    "_name": "",
    "_objFlags": 0,
    "node": {
      "__id__": 24
    },
    "_enabled": true,
    "tag": 0,
    "_density": 1,
    "_sensor": false,
    "_friction": 0.2,
    "_restitution": 0,
    "body": null,
    "loop": false,
    "points": [
      {
        "__type__": "cc.Vec2",
        "x": 72.08650519031141,
        "y": 40
      },
      {
        "__type__": "cc.Vec2",
        "x": 70.93771626297578,
        "y": 38.125
      },
      {
        "__type__": "cc.Vec2",
        "x": 69.21453287197232,
        "y": 38.75
      },
      {
        "__type__": "cc.Vec2",
        "x": 68.0657439446367,
        "y": 36.875
      },
      {
        "__type__": "cc.Vec2",
        "x": 66.34256055363323,
        "y": 37.5
      },
      {
        "__type__": "cc.Vec2",
        "x": 65.19377162629758,
        "y": 35.625
      },
      {
        "__type__": "cc.Vec2",
        "x": 63.470588235294116,
        "y": 36.25
      },
      {
        "__type__": "cc.Vec2",
        "x": 62.321799307958486,
        "y": 34.375
      },
      {
        "__type__": "cc.Vec2",
        "x": 60.598615916955026,
        "y": 35
      },
      {
        "__type__": "cc.Vec2",
        "x": 59.449826989619396,
        "y": 33.125
      },
      {
        "__type__": "cc.Vec2",
        "x": 57.72664359861594,
        "y": 33.75
      },
      {
        "__type__": "cc.Vec2",
        "x": 56.57785467128028,
        "y": 31.875
      },
      {
        "__type__": "cc.Vec2",
        "x": 54.85467128027682,
        "y": 32.5
      },
      {
        "__type__": "cc.Vec2",
        "x": 53.70588235294119,
        "y": 30.625
      },
      {
        "__type__": "cc.Vec2",
        "x": 51.98269896193773,
        "y": 31.25
      },
      {
        "__type__": "cc.Vec2",
        "x": 50.83391003460207,
        "y": 29.375
      },
      {
        "__type__": "cc.Vec2",
        "x": 49.11072664359861,
        "y": 30
      },
      {
        "__type__": "cc.Vec2",
        "x": 47.96193771626298,
        "y": 28.125
      },
      {
        "__type__": "cc.Vec2",
        "x": 46.23875432525952,
        "y": 28.75
      },
      {
        "__type__": "cc.Vec2",
        "x": 45.08996539792389,
        "y": 26.875
      },
      {
        "__type__": "cc.Vec2",
        "x": 43.36678200692042,
        "y": 27.5
      },
      {
        "__type__": "cc.Vec2",
        "x": 42.21799307958479,
        "y": 25.625
      },
      {
        "__type__": "cc.Vec2",
        "x": 40.49480968858133,
        "y": 26.25
      },
      {
        "__type__": "cc.Vec2",
        "x": 39.34602076124568,
        "y": 24.375
      },
      {
        "__type__": "cc.Vec2",
        "x": 37.62283737024222,
        "y": 25
      },
      {
        "__type__": "cc.Vec2",
        "x": 36.47404844290658,
        "y": 23.125
      },
      {
        "__type__": "cc.Vec2",
        "x": 34.75086505190312,
        "y": 23.75
      },
      {
        "__type__": "cc.Vec2",
        "x": 33.602076124567475,
        "y": 21.875
      },
      {
        "__type__": "cc.Vec2",
        "x": 31.878892733564015,
        "y": 22.5
      },
      {
        "__type__": "cc.Vec2",
        "x": 30.730103806228385,
        "y": 20.625
      },
      {
        "__type__": "cc.Vec2",
        "x": 29.006920415224926,
        "y": 21.25
      },
      {
        "__type__": "cc.Vec2",
        "x": 27.85813148788928,
        "y": 19.375
      },
      {
        "__type__": "cc.Vec2",
        "x": 26.13494809688582,
        "y": 20
      },
      {
        "__type__": "cc.Vec2",
        "x": 24.986159169550177,
        "y": 18.125
      },
      {
        "__type__": "cc.Vec2",
        "x": 23.262975778546718,
        "y": 18.75
      },
      {
        "__type__": "cc.Vec2",
        "x": 22.114186851211073,
        "y": 16.875
      },
      {
        "__type__": "cc.Vec2",
        "x": 20.391003460207614,
        "y": 17.5
      },
      {
        "__type__": "cc.Vec2",
        "x": 19.242214532871984,
        "y": 15.625
      },
      {
        "__type__": "cc.Vec2",
        "x": 17.519031141868524,
        "y": 16.25
      },
      {
        "__type__": "cc.Vec2",
        "x": 16.37024221453288,
        "y": 14.375
      },
      {
        "__type__": "cc.Vec2",
        "x": 14.64705882352942,
        "y": 15
      },
      {
        "__type__": "cc.Vec2",
        "x": 13.498269896193776,
        "y": 13.125
      },
      {
        "__type__": "cc.Vec2",
        "x": 11.775086505190316,
        "y": 13.75
      },
      {
        "__type__": "cc.Vec2",
        "x": 10.626297577854672,
        "y": 11.875
      },
      {
        "__type__": "cc.Vec2",
        "x": 8.903114186851212,
        "y": 12.5
      },
      {
        "__type__": "cc.Vec2",
        "x": 7.754325259515582,
        "y": 10.625
      },
      {
        "__type__": "cc.Vec2",
        "x": 6.031141868512108,
        "y": 11.25
      },
      {
        "__type__": "cc.Vec2",
        "x": 6.031141868512108,
        "y": 10
      },
      {
        "__type__": "cc.Vec2",
        "x": 4.882352941176478,
        "y": 9.375
      },
      {
        "__type__": "cc.Vec2",
        "x": 3.1591695501730186,
        "y": 10
      },
      {
        "__type__": "cc.Vec2",
        "x": 2.010380622837374,
        "y": 8.125
      },
      {
        "__type__": "cc.Vec2",
        "x": 0.28719723183391466,
        "y": 8.75
      },
      {
        "__type__": "cc.Vec2",
        "x": 0.28719723183391466,
        "y": 7.5
      },
      {
        "__type__": "cc.Vec2",
        "x": -0.8615916955017298,
        "y": 6.875
      },
      {
        "__type__": "cc.Vec2",
        "x": -2.5847750865051893,
        "y": 7.5
      },
      {
        "__type__": "cc.Vec2",
        "x": -3.7335640138408195,
        "y": 5.625
      },
      {
        "__type__": "cc.Vec2",
        "x": -5.456747404844293,
        "y": 6.25
      },
      {
        "__type__": "cc.Vec2",
        "x": -5.456747404844293,
        "y": 5
      },
      {
        "__type__": "cc.Vec2",
        "x": -6.605536332179923,
        "y": 4.375
      },
      {
        "__type__": "cc.Vec2",
        "x": -8.328719723183383,
        "y": 5
      },
      {
        "__type__": "cc.Vec2",
        "x": -9.477508650519027,
        "y": 3.125
      },
      {
        "__type__": "cc.Vec2",
        "x": -11.200692041522487,
        "y": 3.75
      },
      {
        "__type__": "cc.Vec2",
        "x": -11.200692041522487,
        "y": 2.5
      },
      {
        "__type__": "cc.Vec2",
        "x": -12.349480968858131,
        "y": 1.875
      },
      {
        "__type__": "cc.Vec2",
        "x": -14.07266435986159,
        "y": 2.5
      },
      {
        "__type__": "cc.Vec2",
        "x": -15.221453287197235,
        "y": 0.625
      },
      {
        "__type__": "cc.Vec2",
        "x": -16.944636678200695,
        "y": 1.25
      },
      {
        "__type__": "cc.Vec2",
        "x": -16.944636678200695,
        "y": 0
      },
      {
        "__type__": "cc.Vec2",
        "x": -18.093425605536325,
        "y": -0.625
      },
      {
        "__type__": "cc.Vec2",
        "x": -19.81660899653979,
        "y": 0
      },
      {
        "__type__": "cc.Vec2",
        "x": -20.96539792387543,
        "y": -1.875
      },
      {
        "__type__": "cc.Vec2",
        "x": -22.68858131487889,
        "y": -1.25
      },
      {
        "__type__": "cc.Vec2",
        "x": -22.68858131487889,
        "y": -2.5
      },
      {
        "__type__": "cc.Vec2",
        "x": -23.837370242214533,
        "y": -3.125
      },
      {
        "__type__": "cc.Vec2",
        "x": -25.560553633217992,
        "y": -2.5
      },
      {
        "__type__": "cc.Vec2",
        "x": -26.70934256055363,
        "y": -4.375
      },
      {
        "__type__": "cc.Vec2",
        "x": -28.43252595155709,
        "y": -3.75
      },
      {
        "__type__": "cc.Vec2",
        "x": -28.43252595155709,
        "y": -5
      },
      {
        "__type__": "cc.Vec2",
        "x": -29.581314878892734,
        "y": -5.625
      },
      {
        "__type__": "cc.Vec2",
        "x": -31.304498269896193,
        "y": -5
      },
      {
        "__type__": "cc.Vec2",
        "x": -32.45328719723183,
        "y": -6.875
      },
      {
        "__type__": "cc.Vec2",
        "x": -34.17647058823529,
        "y": -6.25
      },
      {
        "__type__": "cc.Vec2",
        "x": -34.17647058823529,
        "y": -7.5
      },
      {
        "__type__": "cc.Vec2",
        "x": -35.325259515570934,
        "y": -8.125
      },
      {
        "__type__": "cc.Vec2",
        "x": -37.048442906574394,
        "y": -7.5
      },
      {
        "__type__": "cc.Vec2",
        "x": -38.19723183391003,
        "y": -9.375
      },
      {
        "__type__": "cc.Vec2",
        "x": -39.92041522491349,
        "y": -8.75
      },
      {
        "__type__": "cc.Vec2",
        "x": -39.92041522491349,
        "y": -10
      },
      {
        "__type__": "cc.Vec2",
        "x": -41.069204152249135,
        "y": -10.625
      },
      {
        "__type__": "cc.Vec2",
        "x": -42.792387543252595,
        "y": -10
      },
      {
        "__type__": "cc.Vec2",
        "x": -43.94117647058823,
        "y": -11.875
      },
      {
        "__type__": "cc.Vec2",
        "x": -45.66435986159169,
        "y": -11.25
      },
      {
        "__type__": "cc.Vec2",
        "x": -45.66435986159169,
        "y": -12.5
      },
      {
        "__type__": "cc.Vec2",
        "x": -46.813148788927336,
        "y": -13.125
      },
      {
        "__type__": "cc.Vec2",
        "x": -48.536332179930795,
        "y": -12.5
      },
      {
        "__type__": "cc.Vec2",
        "x": -49.68512110726643,
        "y": -14.375
      },
      {
        "__type__": "cc.Vec2",
        "x": -51.4083044982699,
        "y": -13.75
      },
      {
        "__type__": "cc.Vec2",
        "x": -51.4083044982699,
        "y": -15
      },
      {
        "__type__": "cc.Vec2",
        "x": -54.280276816608996,
        "y": -15
      },
      {
        "__type__": "cc.Vec2",
        "x": -55.42906574394463,
        "y": -16.875
      },
      {
        "__type__": "cc.Vec2",
        "x": -57.15224913494809,
        "y": -16.25
      },
      {
        "__type__": "cc.Vec2",
        "x": -57.15224913494809,
        "y": -17.5
      },
      {
        "__type__": "cc.Vec2",
        "x": -58.30103806228374,
        "y": -18.125
      },
      {
        "__type__": "cc.Vec2",
        "x": -60.0242214532872,
        "y": -17.5
      },
      {
        "__type__": "cc.Vec2",
        "x": -61.17301038062284,
        "y": -19.375
      },
      {
        "__type__": "cc.Vec2",
        "x": -62.8961937716263,
        "y": -18.75
      },
      {
        "__type__": "cc.Vec2",
        "x": -62.8961937716263,
        "y": -20
      },
      {
        "__type__": "cc.Vec2",
        "x": -64.04498269896195,
        "y": -20.625
      },
      {
        "__type__": "cc.Vec2",
        "x": -65.7681660899654,
        "y": -20
      },
      {
        "__type__": "cc.Vec2",
        "x": -66.91695501730104,
        "y": -21.875
      },
      {
        "__type__": "cc.Vec2",
        "x": -68.6401384083045,
        "y": -21.25
      },
      {
        "__type__": "cc.Vec2",
        "x": -68.6401384083045,
        "y": -22.5
      },
      {
        "__type__": "cc.Vec2",
        "x": -69.78892733564014,
        "y": -23.125
      },
      {
        "__type__": "cc.Vec2",
        "x": -71.5121107266436,
        "y": -22.5
      },
      {
        "__type__": "cc.Vec2",
        "x": -72.66089965397924,
        "y": -24.375
      },
      {
        "__type__": "cc.Vec2",
        "x": -74.3840830449827,
        "y": -23.75
      },
      {
        "__type__": "cc.Vec2",
        "x": -74.3840830449827,
        "y": -25
      },
      {
        "__type__": "cc.Vec2",
        "x": -75.53287197231833,
        "y": -25.625
      },
      {
        "__type__": "cc.Vec2",
        "x": -77.25605536332179,
        "y": -25
      },
      {
        "__type__": "cc.Vec2",
        "x": -77.83044982698962,
        "y": -26.875
      },
      {
        "__type__": "cc.Vec2",
        "x": -79.55363321799308,
        "y": -26.25
      },
      {
        "__type__": "cc.Vec2",
        "x": -79.55363321799308,
        "y": -27.5
      },
      {
        "__type__": "cc.Vec2",
        "x": -80.70242214532873,
        "y": -27.5
      },
      {
        "__type__": "cc.Vec2",
        "x": -81.27681660899654,
        "y": -30.625
      },
      {
        "__type__": "cc.Vec2",
        "x": -83,
        "y": -31.875
      },
      {
        "__type__": "cc.Vec2",
        "x": -83,
        "y": -38.125
      },
      {
        "__type__": "cc.Vec2",
        "x": -81.85121107266436,
        "y": -39.375
      },
      {
        "__type__": "cc.Vec2",
        "x": -78.97923875432527,
        "y": -40
      },
      {
        "__type__": "cc.Vec2",
        "x": -77.83044982698962,
        "y": -38.75
      },
      {
        "__type__": "cc.Vec2",
        "x": -77.83044982698962,
        "y": -40
      },
      {
        "__type__": "cc.Vec2",
        "x": -73.80968858131487,
        "y": -40
      },
      {
        "__type__": "cc.Vec2",
        "x": -72.66089965397924,
        "y": -37.5
      },
      {
        "__type__": "cc.Vec2",
        "x": -73.80968858131487,
        "y": -37.5
      },
      {
        "__type__": "cc.Vec2",
        "x": -73.80968858131487,
        "y": -36.25
      },
      {
        "__type__": "cc.Vec2",
        "x": -77.83044982698962,
        "y": -35.625
      },
      {
        "__type__": "cc.Vec2",
        "x": -76.68166089965398,
        "y": -31.875
      },
      {
        "__type__": "cc.Vec2",
        "x": -75.53287197231833,
        "y": -30.625
      },
      {
        "__type__": "cc.Vec2",
        "x": -73.80968858131487,
        "y": -30.625
      },
      {
        "__type__": "cc.Vec2",
        "x": -73.23529411764706,
        "y": -29.375
      },
      {
        "__type__": "cc.Vec2",
        "x": -70.93771626297578,
        "y": -30
      },
      {
        "__type__": "cc.Vec2",
        "x": -70.93771626297578,
        "y": -28.75
      },
      {
        "__type__": "cc.Vec2",
        "x": -69.78892733564014,
        "y": -28.125
      },
      {
        "__type__": "cc.Vec2",
        "x": -66.91695501730104,
        "y": -28.125
      },
      {
        "__type__": "cc.Vec2",
        "x": -67.49134948096886,
        "y": -26.875
      },
      {
        "__type__": "cc.Vec2",
        "x": -65.19377162629758,
        "y": -27.5
      },
      {
        "__type__": "cc.Vec2",
        "x": -65.19377162629758,
        "y": -26.25
      },
      {
        "__type__": "cc.Vec2",
        "x": -64.04498269896195,
        "y": -25.625
      },
      {
        "__type__": "cc.Vec2",
        "x": -61.17301038062284,
        "y": -25.625
      },
      {
        "__type__": "cc.Vec2",
        "x": -61.74740484429066,
        "y": -24.375
      },
      {
        "__type__": "cc.Vec2",
        "x": -59.449826989619375,
        "y": -25
      },
      {
        "__type__": "cc.Vec2",
        "x": -59.449826989619375,
        "y": -23.75
      },
      {
        "__type__": "cc.Vec2",
        "x": -58.30103806228374,
        "y": -23.125
      },
      {
        "__type__": "cc.Vec2",
        "x": -55.42906574394463,
        "y": -23.125
      },
      {
        "__type__": "cc.Vec2",
        "x": -56.003460207612456,
        "y": -21.875
      },
      {
        "__type__": "cc.Vec2",
        "x": -53.705882352941174,
        "y": -22.5
      },
      {
        "__type__": "cc.Vec2",
        "x": -53.705882352941174,
        "y": -21.25
      },
      {
        "__type__": "cc.Vec2",
        "x": -52.55709342560553,
        "y": -20.625
      },
      {
        "__type__": "cc.Vec2",
        "x": -49.68512110726643,
        "y": -20.625
      },
      {
        "__type__": "cc.Vec2",
        "x": -50.259515570934255,
        "y": -19.375
      },
      {
        "__type__": "cc.Vec2",
        "x": -47.96193771626297,
        "y": -20
      },
      {
        "__type__": "cc.Vec2",
        "x": -47.96193771626297,
        "y": -18.75
      },
      {
        "__type__": "cc.Vec2",
        "x": -46.813148788927336,
        "y": -18.125
      },
      {
        "__type__": "cc.Vec2",
        "x": -43.94117647058823,
        "y": -18.125
      },
      {
        "__type__": "cc.Vec2",
        "x": -44.515570934256054,
        "y": -16.875
      },
      {
        "__type__": "cc.Vec2",
        "x": -42.21799307958477,
        "y": -17.5
      },
      {
        "__type__": "cc.Vec2",
        "x": -42.21799307958477,
        "y": -16.25
      },
      {
        "__type__": "cc.Vec2",
        "x": -41.069204152249135,
        "y": -15.625
      },
      {
        "__type__": "cc.Vec2",
        "x": -38.19723183391003,
        "y": -15.625
      },
      {
        "__type__": "cc.Vec2",
        "x": -38.77162629757785,
        "y": -14.375
      },
      {
        "__type__": "cc.Vec2",
        "x": -36.47404844290657,
        "y": -15
      },
      {
        "__type__": "cc.Vec2",
        "x": -36.47404844290657,
        "y": -13.75
      },
      {
        "__type__": "cc.Vec2",
        "x": -35.325259515570934,
        "y": -13.125
      },
      {
        "__type__": "cc.Vec2",
        "x": -32.45328719723183,
        "y": -13.125
      },
      {
        "__type__": "cc.Vec2",
        "x": -33.02768166089965,
        "y": -11.875
      },
      {
        "__type__": "cc.Vec2",
        "x": -30.73010380622837,
        "y": -12.5
      },
      {
        "__type__": "cc.Vec2",
        "x": -30.73010380622837,
        "y": -11.25
      },
      {
        "__type__": "cc.Vec2",
        "x": -29.581314878892734,
        "y": -10.625
      },
      {
        "__type__": "cc.Vec2",
        "x": -26.70934256055363,
        "y": -10.625
      },
      {
        "__type__": "cc.Vec2",
        "x": -27.283737024221452,
        "y": -9.375
      },
      {
        "__type__": "cc.Vec2",
        "x": -24.98615916955017,
        "y": -10
      },
      {
        "__type__": "cc.Vec2",
        "x": -24.98615916955017,
        "y": -8.75
      },
      {
        "__type__": "cc.Vec2",
        "x": -23.837370242214533,
        "y": -8.125
      },
      {
        "__type__": "cc.Vec2",
        "x": -20.96539792387543,
        "y": -8.125
      },
      {
        "__type__": "cc.Vec2",
        "x": -21.53979238754325,
        "y": -6.875
      },
      {
        "__type__": "cc.Vec2",
        "x": -19.24221453287197,
        "y": -7.5
      },
      {
        "__type__": "cc.Vec2",
        "x": -19.24221453287197,
        "y": -6.25
      },
      {
        "__type__": "cc.Vec2",
        "x": -18.093425605536325,
        "y": -5.625
      },
      {
        "__type__": "cc.Vec2",
        "x": -15.221453287197235,
        "y": -5.625
      },
      {
        "__type__": "cc.Vec2",
        "x": -15.79584775086505,
        "y": -4.375
      },
      {
        "__type__": "cc.Vec2",
        "x": -13.498269896193761,
        "y": -5
      },
      {
        "__type__": "cc.Vec2",
        "x": -13.498269896193761,
        "y": -3.75
      },
      {
        "__type__": "cc.Vec2",
        "x": -12.349480968858131,
        "y": -3.125
      },
      {
        "__type__": "cc.Vec2",
        "x": -9.477508650519027,
        "y": -3.125
      },
      {
        "__type__": "cc.Vec2",
        "x": -10.051903114186842,
        "y": -1.875
      },
      {
        "__type__": "cc.Vec2",
        "x": -7.754325259515568,
        "y": -2.5
      },
      {
        "__type__": "cc.Vec2",
        "x": -7.754325259515568,
        "y": -1.25
      },
      {
        "__type__": "cc.Vec2",
        "x": -6.605536332179923,
        "y": -0.625
      },
      {
        "__type__": "cc.Vec2",
        "x": -3.7335640138408195,
        "y": -0.625
      },
      {
        "__type__": "cc.Vec2",
        "x": -4.307958477508649,
        "y": 0.625
      },
      {
        "__type__": "cc.Vec2",
        "x": -2.01038062283736,
        "y": 0
      },
      {
        "__type__": "cc.Vec2",
        "x": -2.01038062283736,
        "y": 1.25
      },
      {
        "__type__": "cc.Vec2",
        "x": -0.8615916955017298,
        "y": 1.875
      },
      {
        "__type__": "cc.Vec2",
        "x": 2.010380622837374,
        "y": 1.875
      },
      {
        "__type__": "cc.Vec2",
        "x": 1.435986159169559,
        "y": 3.125
      },
      {
        "__type__": "cc.Vec2",
        "x": 3.7335640138408337,
        "y": 2.5
      },
      {
        "__type__": "cc.Vec2",
        "x": 3.7335640138408337,
        "y": 3.75
      },
      {
        "__type__": "cc.Vec2",
        "x": 4.882352941176478,
        "y": 4.375
      },
      {
        "__type__": "cc.Vec2",
        "x": 7.754325259515582,
        "y": 4.375
      },
      {
        "__type__": "cc.Vec2",
        "x": 7.179930795847753,
        "y": 5.625
      },
      {
        "__type__": "cc.Vec2",
        "x": 9.477508650519042,
        "y": 5
      },
      {
        "__type__": "cc.Vec2",
        "x": 9.477508650519042,
        "y": 6.25
      },
      {
        "__type__": "cc.Vec2",
        "x": 10.626297577854672,
        "y": 6.875
      },
      {
        "__type__": "cc.Vec2",
        "x": 12.349480968858131,
        "y": 6.25
      },
      {
        "__type__": "cc.Vec2",
        "x": 12.92387543252596,
        "y": 8.125
      },
      {
        "__type__": "cc.Vec2",
        "x": 15.221453287197235,
        "y": 7.5
      },
      {
        "__type__": "cc.Vec2",
        "x": 15.221453287197235,
        "y": 8.75
      },
      {
        "__type__": "cc.Vec2",
        "x": 16.37024221453288,
        "y": 9.375
      },
      {
        "__type__": "cc.Vec2",
        "x": 18.09342560553634,
        "y": 8.75
      },
      {
        "__type__": "cc.Vec2",
        "x": 18.667820069204154,
        "y": 10.625
      },
      {
        "__type__": "cc.Vec2",
        "x": 20.965397923875443,
        "y": 10
      },
      {
        "__type__": "cc.Vec2",
        "x": 20.965397923875443,
        "y": 11.25
      },
      {
        "__type__": "cc.Vec2",
        "x": 22.114186851211073,
        "y": 11.875
      },
      {
        "__type__": "cc.Vec2",
        "x": 23.837370242214533,
        "y": 11.25
      },
      {
        "__type__": "cc.Vec2",
        "x": 24.411764705882362,
        "y": 13.125
      },
      {
        "__type__": "cc.Vec2",
        "x": 26.709342560553637,
        "y": 12.5
      },
      {
        "__type__": "cc.Vec2",
        "x": 26.709342560553637,
        "y": 13.75
      },
      {
        "__type__": "cc.Vec2",
        "x": 27.85813148788928,
        "y": 14.375
      },
      {
        "__type__": "cc.Vec2",
        "x": 29.58131487889274,
        "y": 13.75
      },
      {
        "__type__": "cc.Vec2",
        "x": 30.155709342560556,
        "y": 15.625
      },
      {
        "__type__": "cc.Vec2",
        "x": 32.453287197231845,
        "y": 15
      },
      {
        "__type__": "cc.Vec2",
        "x": 32.453287197231845,
        "y": 16.25
      },
      {
        "__type__": "cc.Vec2",
        "x": 33.602076124567475,
        "y": 16.875
      },
      {
        "__type__": "cc.Vec2",
        "x": 35.325259515570934,
        "y": 16.25
      },
      {
        "__type__": "cc.Vec2",
        "x": 35.899653979238764,
        "y": 18.125
      },
      {
        "__type__": "cc.Vec2",
        "x": 38.19723183391004,
        "y": 17.5
      },
      {
        "__type__": "cc.Vec2",
        "x": 38.19723183391004,
        "y": 18.75
      },
      {
        "__type__": "cc.Vec2",
        "x": 39.34602076124568,
        "y": 19.375
      },
      {
        "__type__": "cc.Vec2",
        "x": 41.06920415224914,
        "y": 18.75
      },
      {
        "__type__": "cc.Vec2",
        "x": 41.64359861591696,
        "y": 20.625
      },
      {
        "__type__": "cc.Vec2",
        "x": 43.941176470588246,
        "y": 20
      },
      {
        "__type__": "cc.Vec2",
        "x": 43.941176470588246,
        "y": 21.25
      },
      {
        "__type__": "cc.Vec2",
        "x": 45.08996539792389,
        "y": 21.875
      },
      {
        "__type__": "cc.Vec2",
        "x": 46.81314878892735,
        "y": 21.25
      },
      {
        "__type__": "cc.Vec2",
        "x": 47.38754325259515,
        "y": 23.125
      },
      {
        "__type__": "cc.Vec2",
        "x": 49.68512110726644,
        "y": 22.5
      },
      {
        "__type__": "cc.Vec2",
        "x": 49.68512110726644,
        "y": 23.75
      },
      {
        "__type__": "cc.Vec2",
        "x": 50.83391003460207,
        "y": 24.375
      },
      {
        "__type__": "cc.Vec2",
        "x": 52.55709342560553,
        "y": 23.75
      },
      {
        "__type__": "cc.Vec2",
        "x": 53.13148788927336,
        "y": 25.625
      },
      {
        "__type__": "cc.Vec2",
        "x": 55.42906574394465,
        "y": 25
      },
      {
        "__type__": "cc.Vec2",
        "x": 55.42906574394465,
        "y": 26.25
      },
      {
        "__type__": "cc.Vec2",
        "x": 56.57785467128028,
        "y": 26.875
      },
      {
        "__type__": "cc.Vec2",
        "x": 58.30103806228374,
        "y": 26.25
      },
      {
        "__type__": "cc.Vec2",
        "x": 58.87543252595157,
        "y": 28.125
      },
      {
        "__type__": "cc.Vec2",
        "x": 61.173010380622856,
        "y": 27.5
      },
      {
        "__type__": "cc.Vec2",
        "x": 61.173010380622856,
        "y": 28.75
      },
      {
        "__type__": "cc.Vec2",
        "x": 62.321799307958486,
        "y": 29.375
      },
      {
        "__type__": "cc.Vec2",
        "x": 64.04498269896195,
        "y": 28.75
      },
      {
        "__type__": "cc.Vec2",
        "x": 64.61937716262977,
        "y": 30.625
      },
      {
        "__type__": "cc.Vec2",
        "x": 66.91695501730104,
        "y": 30
      },
      {
        "__type__": "cc.Vec2",
        "x": 66.91695501730104,
        "y": 31.25
      },
      {
        "__type__": "cc.Vec2",
        "x": 68.0657439446367,
        "y": 31.875
      },
      {
        "__type__": "cc.Vec2",
        "x": 69.78892733564015,
        "y": 31.25
      },
      {
        "__type__": "cc.Vec2",
        "x": 70.36332179930795,
        "y": 33.125
      },
      {
        "__type__": "cc.Vec2",
        "x": 72.66089965397924,
        "y": 32.5
      },
      {
        "__type__": "cc.Vec2",
        "x": 72.66089965397924,
        "y": 33.75
      },
      {
        "__type__": "cc.Vec2",
        "x": 74.95847750865053,
        "y": 33.75
      },
      {
        "__type__": "cc.Vec2",
        "x": 78.40484429065745,
        "y": 29.375
      },
      {
        "__type__": "cc.Vec2",
        "x": 78.40484429065745,
        "y": -36.25
      },
      {
        "__type__": "cc.Vec2",
        "x": 71.51211072664361,
        "y": -36.25
      },
      {
        "__type__": "cc.Vec2",
        "x": 71.51211072664361,
        "y": -40
      },
      {
        "__type__": "cc.Vec2",
        "x": 83,
        "y": -40
      },
      {
        "__type__": "cc.Vec2",
        "x": 83,
        "y": 33.125
      },
      {
        "__type__": "cc.Vec2",
        "x": 81.85121107266437,
        "y": 33.125
      },
      {
        "__type__": "cc.Vec2",
        "x": 81.85121107266437,
        "y": 35
      },
      {
        "__type__": "cc.Vec2",
        "x": 80.12802768166091,
        "y": 36.25
      },
      {
        "__type__": "cc.Vec2",
        "x": 80.12802768166091,
        "y": 37.5
      },
      {
        "__type__": "cc.Vec2",
        "x": 78.40484429065745,
        "y": 37.5
      },
      {
        "__type__": "cc.Vec2",
        "x": 78.40484429065745,
        "y": 38.75
      },
      {
        "__type__": "cc.Vec2",
        "x": 77.25605536332182,
        "y": 38.125
      },
      {
        "__type__": "cc.Vec2",
        "x": 75.53287197231836,
        "y": 40
      }
    ]
  },
  {
    "__type__": "cc.Node",
    "_name": "leftwall",
    "_objFlags": 0,
    "_parent": {
      "__id__": 2
    },
    "_children": [],
    "_tag": -1,
    "_active": true,
    "_components": [
      {
        "__id__": 29
      },
      {
        "__id__": 30
      },
      {
        "__id__": 31
      }
    ],
    "_prefab": null,
    "_id": "eeKAHtLtpBLo3e+IJENnyB",
    "_opacity": 255,
    "_color": {
      "__type__": "cc.Color",
      "r": 255,
      "g": 255,
      "b": 255,
      "a": 255
    },
    "_cascadeOpacityEnabled": true,
    "_anchorPoint": {
      "__type__": "cc.Vec2",
      "x": 0.5,
      "y": 0.5
    },
    "_contentSize": {
      "__type__": "cc.Size",
      "width": 7,
      "height": 560
    },
    "_rotationX": 0,
    "_rotationY": 0,
    "_scaleX": 1,
    "_scaleY": 1,
    "_position": {
      "__type__": "cc.Vec2",
      "x": 191,
      "y": 57
    },
    "_skewX": 0,
    "_skewY": 0,
    "_localZOrder": 0,
    "_globalZOrder": 0,
    "_opacityModifyRGB": false,
    "groupIndex": 0
  },
  {
    "__type__": "cc.Sprite",
    "_name": "",
    "_objFlags": 0,
    "node": {
      "__id__": 28
    },
    "_enabled": true,
    "_spriteFrame": {
      "__uuid__": "d2d19365-d68c-4ee7-a402-3fb9f0733bff"
    },
    "_type": 0,
    "_sizeMode": 0,
    "_fillType": 0,
    "_fillCenter": {
      "__type__": "cc.Vec2",
      "x": 0,
      "y": 0
    },
    "_fillStart": 0,
    "_fillRange": 0,
    "_isTrimmedMode": true,
    "_srcBlendFactor": 770,
    "_dstBlendFactor": 771,
    "_atlas": null
  },
  {
    "__type__": "cc.RigidBody",
    "_name": "",
    "_objFlags": 0,
    "node": {
      "__id__": 28
    },
    "_enabled": true,
    "_type": 0,
    "_allowSleep": true,
    "_gravityScale": 1,
    "_linearDamping": 0,
    "_angularDamping": 0,
    "_linearVelocity": {
      "__type__": "cc.Vec2",
      "x": 0,
      "y": 0
    },
    "_angularVelocity": 0,
    "_fixedRotation": false,
    "enabledContactListener": true,
    "bullet": false
  },
  {
    "__type__": "cc.PhysicsChainCollider",
    "_name": "",
    "_objFlags": 0,
    "node": {
      "__id__": 28
    },
    "_enabled": true,
    "tag": 0,
    "_density": 1,
    "_sensor": false,
    "_friction": 0.2,
    "_restitution": 0,
    "body": null,
    "loop": false,
    "points": [
      {
        "__type__": "cc.Vec2",
        "x": -3.5,
        "y": 280
      },
      {
        "__type__": "cc.Vec2",
        "x": -3.5,
        "y": -279.3736017897092
      },
      {
        "__type__": "cc.Vec2",
        "x": 3.5,
        "y": -280
      },
      {
        "__type__": "cc.Vec2",
        "x": 3.5,
        "y": 280
      }
    ]
  },
  {
    "__type__": "cc.Node",
    "_name": "New Label",
    "_objFlags": 0,
    "_parent": {
      "__id__": 2
    },
    "_children": [],
    "_tag": -1,
    "_active": true,
    "_components": [
      {
        "__id__": 33
      }
    ],
    "_prefab": null,
    "_id": "dcmFlAGX9C2J+sCoI4UxEO",
    "_opacity": 255,
    "_color": {
      "__type__": "cc.Color",
      "r": 255,
      "g": 255,
      "b": 255,
      "a": 255
    },
    "_cascadeOpacityEnabled": true,
    "_anchorPoint": {
      "__type__": "cc.Vec2",
      "x": 0.5,
      "y": 0.5
    },
    "_contentSize": {
      "__type__": "cc.Size",
      "width": 98,
      "height": 40
    },
    "_rotationX": 0,
    "_rotationY": 0,
    "_scaleX": 1,
    "_scaleY": 1,
    "_position": {
      "__type__": "cc.Vec2",
      "x": 0,
      "y": 243
    },
    "_skewX": 0,
    "_skewY": 0,
    "_localZOrder": 0,
    "_globalZOrder": 0,
    "_opacityModifyRGB": false,
    "groupIndex": 0
  },
  {
    "__type__": "cc.Label",
    "_name": "",
    "_objFlags": 0,
    "node": {
      "__id__": 32
    },
    "_enabled": true,
    "_useOriginalSize": false,
    "_actualFontSize": 40,
    "_fontSize": 40,
    "_lineHeight": 40,
    "_enableWrapText": true,
    "_N$file": null,
    "_isSystemFontUsed": true,
    "_spacingX": 0,
    "_N$string": "Label",
    "_N$horizontalAlign": 1,
    "_N$verticalAlign": 1,
    "_N$fontFamily": "Arial",
    "_N$overflow": 0
  },
  {
    "__type__": "cc.Node",
    "_name": "New Label",
    "_objFlags": 0,
    "_parent": {
      "__id__": 2
    },
    "_children": [],
    "_tag": -1,
    "_active": true,
    "_components": [
      {
        "__id__": 35
      }
    ],
    "_prefab": null,
    "_id": "e5iE95Ym1OvofKpINFmZIs",
    "_opacity": 255,
    "_color": {
      "__type__": "cc.Color",
      "r": 255,
      "g": 255,
      "b": 255,
      "a": 255
    },
    "_cascadeOpacityEnabled": true,
    "_anchorPoint": {
      "__type__": "cc.Vec2",
      "x": 0.5,
      "y": 0.5
    },
    "_contentSize": {
      "__type__": "cc.Size",
      "width": 98,
      "height": 40
    },
    "_rotationX": 0,
    "_rotationY": 0,
    "_scaleX": 1,
    "_scaleY": 1,
    "_position": {
      "__type__": "cc.Vec2",
      "x": 56,
      "y": -200
    },
    "_skewX": 0,
    "_skewY": 0,
    "_localZOrder": 0,
    "_globalZOrder": 0,
    "_opacityModifyRGB": false,
    "groupIndex": 0
  },
  {
    "__type__": "cc.Label",
    "_name": "",
    "_objFlags": 0,
    "node": {
      "__id__": 34
    },
    "_enabled": true,
    "_useOriginalSize": false,
    "_actualFontSize": 40,
    "_fontSize": 40,
    "_lineHeight": 40,
    "_enableWrapText": true,
    "_N$file": null,
    "_isSystemFontUsed": true,
    "_spacingX": 0,
    "_N$string": "Label",
    "_N$horizontalAlign": 1,
    "_N$verticalAlign": 1,
    "_N$fontFamily": "Arial",
    "_N$overflow": 0
  },
  {
    "__type__": "cc.Canvas",
    "_name": "",
    "_objFlags": 0,
    "node": {
      "__id__": 2
    },
    "_enabled": true,
    "_designResolution": {
      "__type__": "cc.Size",
      "width": 500,
      "height": 800
    },
    "_fitWidth": true,
    "_fitHeight": true
  },
  {
    "__type__": "d1aefovqmJG5bom9qer7gdU",
    "_name": "",
    "_objFlags": 0,
    "node": {
      "__id__": 2
    },
    "_enabled": true
  },
  {
    "__type__": "033b69ce5lP8oyXkFRu8Wqj",
    "_name": "",
    "_objFlags": 0,
    "node": {
      "__id__": 2
    },
    "_enabled": true,
    "prefabBall": {
      "__uuid__": "b7262aae-5e8a-41f9-9154-fce1f08bc5d7"
    },
    "prefabBarries": [
      {
        "__uuid__": "d1d092e2-9652-4b72-9abd-1c53c10f163f"
      },
      {
        "__uuid__": "f68362c6-6844-47c6-8731-b578fe329fe6"
      },
      {
        "__uuid__": "5ffe59a6-8983-4da6-aa38-2cd666baa29d"
      },
      {
        "__uuid__": "e2037478-873b-41eb-9e9e-417517936502"
      }
    ],
    "balls": [
      {
        "__id__": 9
      }
    ]
  }
]